ï»¿SITE;URL;DATE DE LA DECISION
MRSLOTY;mrsloty.com;13/06/2022
MRSLOTY;www.mrsloty.com;13/06/2022
RICHPRIZE;richprize.com;13/06/2022
RICHPRIZE;www.richprize.com;13/06/2022
LUCYSCASINO;lucyscasino.com;13/06/2022
LUCYSCASINO;www.lucyscasino.com;13/06/2022
JUPICASINO;jupicasino.com;13/06/2022
JUPICASINO;www.jupicasino.com;13/06/2022
LEROIJOHNNY;leroijohnny.com;13/06/2022
LEROIJOHNNY;www.leroijohnny.com;13/06/2022
KAHUNACASINO;kahunacasino.com;13/06/2022
KAHUNACASINO;www.kahunacasino.com;13/06/2022
MYSTAKE;mystake.com;13/06/2022
MYSTAKE;www.mystake.com;13/06/2022
GOBIGSLOTS;gobigslots.com;13/06/2022
GOBIGSLOTS;www.gobigslots.com;13/06/2022
GOBIGSLOTS;mktgobigslots.com;13/06/2022
GOBIGSLOTS;www.mktgobigslots.com;13/06/2022
SLOTSPOWERS;slotpowers.com;13/06/2022
SLOTSPOWERS;www.slotpowers.com;13/06/2022
YONIBET;yonibet.com;13/06/2022
YONIBET;www.yonibet.com;13/06/2022
UNIQUE / WINUNIQUE;ch-unique.com;15/06/2022
UNIQUE / WINUNIQUE;www.ch-unique.com;15/06/2022
UNIQUE / WINUNIQUE;uniquecasino.cc;15/06/2022
UNIQUE / WINUNIQUE;www.uniquecasino.cc;15/06/2022
AGENTSPINS;agentspins.info;04/07/2022
AGENTSPINS;www.agentspins.info;04/07/2022
KAJOT-CASINO;kajot-casino.com;04/07/2022
KAJOT-CASINO;www.kajot-casino.com;04/07/2022
FATBOSS;fatboss1.com;04/07/2022
FATBOSS;www.fatboss1.com;04/07/2022
FATBOSS;fatboss.com;04/07/2022
FATBOSS;www.fatboss.com;04/07/2022
FATBOSS;fatboss.org;04/07/2022
FATBOSS;www.fatboss.org;04/07/2022
FATBOSS;www.fatbossvip.com;04/07/2022
CASINOVOILA;casinovoila.com;04/07/2022
CASINOVOILA;www.casinovoila.com;04/07/2022
CENTAURCASINO;centaurcasino.com;04/07/2022
CENTAURCASINO;www.centaurcasino.com;04/07/2022
FRANCE-BONUSESFINDER;france-bonusesfinder.com;04/07/2022
FRANCE-BONUSESFINDER;www.france-bonusesfinder.com;04/07/2022
FRANCE-BONUSESFINDER;casinobonusesfinder.com;04/07/2022
FRANCE-BONUSESFINDER;www.casinobonusesfinder.com;04/07/2022
CASINOS-FRANCAIS-EN-LIGNE;casinos-francais-en-ligne.com;04/07/2022
CASINOS-FRANCAIS-EN-LIGNE;www.casinos-francais-en-ligne.com;04/07/2022
YACHTING-CASINO;yachting-casino.com;04/07/2022
YACHTING-CASINO;www.yachting-casino.com;04/07/2022
CASINOENLIGNELIVE;casinoenlignelive.com;04/07/2022
CASINOENLIGNELIVE;www.casinoenlignelive.com;04/07/2022
LESCASINOSENLIGNEFIABLES;lescasinosenlignefiables.fr;04/07/2022
FOXBONUS;foxbonus.com;04/07/2022
FOXBONUS;www.foxbonus.com;04/07/2022
FR.CASINOMIDNIGHT;fr.casinomidnight.com;04/07/2022
BLACKLABELCASINO;blacklabelcasino.com;04/07/2022
BLACKLABELCASINO;www.blacklabelcasino.com;04/07/2022
MYSTAKE;fr.mybetstake.com;01/08/2022
MYSTAKE;mybetstake.com;01/08/2022
MYSTAKE;www.mybetstake.com;01/08/2022
MYSTAKE;mystake.bet;01/08/2022
UNIQUE / WINUNIQUE;winunique-club.com;01/08/2022
UNIQUE / WINUNIQUE;www.winunique-club.com;01/08/2022
UNIQUE / WINUNIQUE;winuniquecasino-club.com;01/08/2022
UNIQUE / WINUNIQUE;www.winuniquecasino-club.com;01/08/2022
GAMBLINGORB;gamblingorb-fr.com;01/08/2022
GAMBLINGORB;www.gamblingorb-fr.com;01/08/2022
CASINOCOMPARATIF.com;casinocomparatif.com;01/08/2022
CASINOCOMPARATIF.com;www.casinocomparatif.com;01/08/2022
CASINOAVIS.com;casinoavis.com;01/08/2022
CASINOAVIS.com;www.casinoavis.com;01/08/2022
CASINOSANSDEPOTS.fr;casinosansdepots.fr;01/08/2022
CASINOSANSDEPOTS.fr;www.casinosansdepots.fr;01/08/2022
ONLINECASINOSFRANCAIS.com;onlinecasinosfrancais.com;01/08/2022
CASINO1CLUB;www.casino1vip.com;01/08/2022
CASINO1CLUB;casino1vip.com;01/08/2022
DAGRIS;dagris.fr;26/08/2022
DAGRIS;www.dagris.fr;26/08/2022
CASINOSENLIGNE-FR.net;casinosenligne-fr.net;26/08/2022
CASINOSENLIGNE-FR.net;www.casinosenligne-fr.net;26/08/2022
CASINOPAYANT;casinopayant.com;26/08/2022
CASINOPAYANT;www.casinopayant.com;26/08/2022
ENLIGNE.casino;enligne.casino;26/08/2022
ENLIGNE.casino;www.enligne.casino;26/08/2022
VASYCASINO;vasycasino.com;26/08/2022
VASYCASINO;www.vasycasino.com;26/08/2022
TOP-CASINO.fr;top-casino1.fr;26/08/2022
TOP-CASINO.fr;www.top-casino.fr;26/08/2022
LONDONCASINO;londoncasino.com;26/08/2022
LONDONCASINO;www.londoncasino.com;26/08/2022
JEUXDECASINOGRATUITS;jeuxdecasinogratuits.net;26/08/2022
JEUXDECASINOGRATUITS;www.jeuxdecasinogratuits.net;26/08/2022
VEGASPLUS / WINVEGASPLUS;vegasplus-golden.com;26/09/2022
VEGASPLUS / WINVEGASPLUS;www.vegasplus-golden.com;26/09/2022
MACHANCE / WINMACHANCE;machancecasino1.fr;26/09/2022
MACHANCE / WINMACHANCE;www.machancecasino1.fr;26/09/2022
MACHANCE / WINMACHANCE;machancecasino1.com;26/09/2022
MACHANCE / WINMACHANCE;www.machancecasino1.com;26/09/2022
MACHANCE / WINMACHANCE;machance.eu;26/09/2022
MACHANCE / WINMACHANCE;www.machance.eu;26/09/2022
MACHANCE / WINMACHANCE;machancecasino-success.com;26/09/2022
MACHANCE / WINMACHANCE;www.machancecasino-success.com;26/09/2022
KAHUNACASINO;kahunacasino777.com;22/09/2022
KAHUNACASINO;www.kahunacasino777.com;22/09/2022
KAHUNACASINO;kahuna777.com;22/09/2022
KAHUNACASINO;www.kahuna777.com;22/09/2022
KAHUNACASINO;kahunacasino.org;22/09/2022
KAHUNACASINO;www.kahunacasino.org;22/09/2022
LUCKYBARCASINO;luckybarcasino.com;22/09/2022
LUCKYBARCASINO;www.luckybarcasino.com;22/09/2022
CASINOAVIS;boncasinoavis.com;22/09/2022
CASINOAVIS;www.boncasinoavis.com;22/09/2022
CASINOSENLIGNE-FranÃ§ais.com;www.casinosenligne-francais.com;30/09/2022
CASINOSENLIGNE-FranÃ§ais.com;casinosenligne-francais.com;30/09/2022
MADNESSBONUS;www.madnessbonus.com;30/09/2022
MADNESSBONUS;madnessbonus.com;30/09/2022
GALLOCASINO;gallocasino.com;30/09/2022
GALLOCASINO;www.gallocasino.com;30/09/2022
GALLOCASINO;casino-gallo.com;30/09/2022
GALLOCASINO;www.casino-gallo.com;30/09/2022
ANJCASINO;anjcasino.com;26/09/2022
ANJCASINO;www.anjcasino.com;26/09/2022
UNIQUE / WINUNIQUE;casinounique.net;26/09/2022
UNIQUE / WINUNIQUE;www.casinounique.net;26/09/2022
UNIQUE / WINUNIQUE;winuniquecasino-live.com;26/09/2022
UNIQUE / WINUNIQUE;www.winuniquecasino-live.com;26/09/2022
UNIQUE / WINUNIQUE;winuniquecasino-box.com;26/09/2022
UNIQUE / WINUNIQUE;www.winuniquecasino-box.com;26/09/2022
UNIQUE / WINUNIQUE;winuniquecasino-chance.com;26/09/2022
UNIQUE / WINUNIQUE;www.winuniquecasino-chance.com;26/09/2022
UNIQUE / WINUNIQUE;winuniquecasino.com;26/09/2022
UNIQUE / WINUNIQUE;www.winuniquecasino.com;26/09/2022
UNIQUE / WINUNIQUE;winunique.com;26/09/2022
UNIQUE / WINUNIQUE;www.winunique.com;26/09/2022
UNIQUE / WINUNIQUE;unique-casino.com;26/09/2022
UNIQUE / WINUNIQUE;www.unique-casino.com;26/09/2022
CASINO60;casino60.com;02/11/2022
CASINO60;www.casino60.com;02/11/2022
VEGASPLUS / WINVEGASPLUS;winvegasplus-reward.com;02/11/2022
VEGASPLUS / WINVEGASPLUS;www.winvegasplus-reward.com;02/11/2022
VEGASPLUS / WINVEGASPLUS;vegasplus-room.com;02/11/2022
VEGASPLUS / WINVEGASPLUS;www.vegasplus-room.com;02/11/2022
VEGASPLUS / WINVEGASPLUS;vegasplus-lux.com;02/11/2022
VEGASPLUS / WINVEGASPLUS;www.vegasplus-lux.com;02/11/2022
VEGASPLUS / WINVEGASPLUS;vegasplus-online.com;02/11/2022
VEGASPLUS / WINVEGASPLUS;www.vegasplus-online.com;02/11/2022
VEGASPLUS / WINVEGASPLUS;winvegasplus-live.com;02/11/2022
VEGASPLUS / WINVEGASPLUS;www.winvegasplus-live.com;02/11/2022
VEGASPLUS / WINVEGASPLUS;winvegasplus-slots.com;02/11/2022
VEGASPLUS / WINVEGASPLUS;www.winvegasplus-slots.com;02/11/2022
VEGASPLUS / WINVEGASPLUS;winvegasplus-online.com;02/11/2022
VEGASPLUS / WINVEGASPLUS;www.winvegasplus-online.com;02/11/2022
VEGASPLUS / WINVEGASPLUS;vegasplus-casino.net;02/11/2022
VEGASPLUS / WINVEGASPLUS;www.vegasplus-casino.net;02/11/2022
VEGASPLUS / WINVEGASPLUS;vegas-plus-casino.net;02/11/2022
VEGASPLUS / WINVEGASPLUS;www.vegas-plus-casino.net;02/11/2022
VEGASPLUS / WINVEGASPLUS;casino-vegasplus.com;02/11/2022
VEGASPLUS / WINVEGASPLUS;www.casino-vegasplus.com;02/11/2022
MEILLEURJEUDEFRANCE;meilleurjeudefrance.com;03/11/2022
MACHANCE / WINMACHANCE;machancecasino.fr;02/11/2022
MACHANCE / WINMACHANCE;www.machancecasino.fr;02/11/2022
MACHANCE / WINMACHANCE;machancecasino2.com;02/11/2022
MACHANCE / WINMACHANCE;www.machancecasino2.com;02/11/2022
MACHANCE / WINMACHANCE;machancecasinoavis.fr;02/11/2022
MACHANCE / WINMACHANCE;www.machancecasinoavis.fr;02/11/2022
MACHANCE / WINMACHANCE;ma-chance-casino.org;02/11/2022
MACHANCE / WINMACHANCE;www.ma-chance-casino.org;02/11/2022
MACHANCE / WINMACHANCE;machance.info;02/11/2022
MACHANCE / WINMACHANCE;www.machance.info;02/11/2022
MACHANCE / WINMACHANCE;winmachancecasino-reward.com;02/11/2022
MACHANCE / WINMACHANCE;www.winmachancecasino-reward.com;02/11/2022
MACHANCE / WINMACHANCE;winmachancecasino-advance.com;02/11/2022
MACHANCE / WINMACHANCE;www.winmachancecasino-advance.com;02/11/2022
OCEANBREEZECASINO;oceanbreezecasino.com;03/11/2022
OCEANBREEZECASINO;www.oceanbreezecasino.com;03/11/2022
OCEANBREEZECASINO;oceanbreezecasino1.com;03/11/2022
OCEANBREEZECASINO;www.oceanbreezecasino1.com;03/11/2022
DUBLINBET;www.dublinbet1.com;03/11/2022
DUBLINBET;dublinbet1.com;03/11/2022
DUBLINBET;www.dublinbet2020.com;03/11/2022
DUBLINBET;www.dublinbetenvivo.com;03/11/2022
DUBLINBET;dublinbetenvivo.com;03/11/2022
DUBLINBET;www.dublinbetcasino.net;03/11/2022
DUBLINBET;dublinbetcasino.net;03/11/2022
DUBLINBET;www.dublinbet-fr.com;03/11/2022
DUBLINBET;dublinbet-fr.com;03/11/2022
KAHUNACASINO;kahunacasino7.com;02/11/2022
KAHUNACASINO;www.kahunacasino7.com;02/11/2022
CASINOREVIEWS;casinoreviews.fr;03/11/2022
CASINOREVIEWS;www.casinoreviews.fr;03/11/2022
LESCARSAIRFRANCE;lescarsairfrance.com;02/11/2022
LESCARSAIRFRANCE;www.lescarsairfrance.com;02/11/2022
LECASINOBONUS;lecasinobonus.fr;02/11/2022
LECASINOBONUS;www.lecasinobonus.fr;02/11/2022
EVOLVECASINO;evolvecasino2.com;02/11/2022
EVOLVECASINO;www.evolvecasino2.com;02/11/2022
CASINO-EN-FRANCE;casinos-en-france.com;02/11/2022
CASINO-EN-FRANCE;www.casinos-en-france.com;02/11/2022
JOEL-ROBUCHON;joel-robuchon.net;02/11/2022
JOEL-ROBUCHON;www.joel-robuchon.net;02/11/2022
CASINOCOMPARATEUR;casinocomparateur.com;02/11/2022
CASINOCOMPARATEUR;www.casinocomparateur.com;02/11/2022
JEUX-CASINO-ONLINE;jeux-casino-online.com;03/11/2022
JEUX-CASINO-ONLINE;www.jeux-casino-online.com;03/11/2022
ONLINEBINGO;onlinebingo.eu;03/11/2022
ONLINEBINGO;www.onlinebingo.eu;03/11/2022
QBET;qbet.com;03/11/2022
QBET;www.qbet.com;03/11/2022
JEUXDCASINO;jeuxdcasino.org;02/11/2022
JEUXDCASINO;www.jeuxdcasino.org;02/11/2022
CASINOEXTRA;casino-extra.org;02/11/2022
CASINOEXTRA;casinoextra2.com;02/11/2022
CASINOEXTRA;www.casinoextra2.com;02/11/2022
CASINOEXTRA;casinoextra.info;02/11/2022
CASINOEXTRA;www.casinoextra.info;02/11/2022
CASINOEXTRA;casinoextra1.net;02/11/2022
CASINOEXTRA;www.casinoextra1.net;02/11/2022
KINGSCHANCE;kingschanceworld.com;03/11/2022
KINGSCHANCE;www.kingschanceworld.com;03/11/2022
KINGSCHANCE;kingschanceclub.com;03/11/2022
KINGSCHANCE;www.kingschanceclub.com;03/11/2022
KINGSCHANCE;www.kingschancecompaign.com;03/11/2022
KINGSCHANCE;www.kingschancelinks.com;03/11/2022
KINGSCHANCE;kingschancetop.com;03/11/2022
KINGSCHANCE;www.kingschancetop.com;03/11/2022
KINGSCHANCE;kingschanceinfo.com;03/11/2022
KINGSCHANCE;www.kingschanceinfo.com;03/11/2022
NODEPOSITKINGS;nodepositkings.com;02/11/2022
NODEPOSITKINGS;www.nodepositkings.com;02/11/2022
FRANCECASINO;francecasino5.com;21/11/2022
FRANCECASINO;www.francecasino5.com;21/11/2022
SLOTERMAN;sloterman.co;21/11/2022
SLOTERMAN;www.sloterman.co;21/11/2022
SLOTERMAN;sloterman-fr.com;21/11/2022
SLOTERMAN;www.sloterman-fr.com;21/11/2022
MACHINESASOUSX.net;machinesasousx.net;21/11/2022
MACHINESASOUSX.net;www.machinesasousx.net;21/11/2022
CRITIQUEJEU.org;critiquejeu.org;01/12/2022
CRITIQUEJEU.org;www.critiquejeu.org;01/12/2022
MYSTAKE-FranÃ§ais;mystake-francais.com;01/12/2022
MYSTAKE-FranÃ§ais;www.mystake-francais.com;01/12/2022
MYSTAKEBONUS;mystakebonus.com;01/12/2022
MYSTAKEBONUS;www.mystakebonus.com;01/12/2022
CASINO-JACKPOT;casino-jackpot.com;01/12/2022
CASINO-JACKPOT;www.casino-jackpot.com;01/12/2022
CASINO-JACKPOT;fr.casino-jackpot.com;01/12/2022
TOP-ROULETTE-METHODES;top-roulette-methodes.com;01/12/2022
TOP-ROULETTE-METHODES;www.top-roulette-methodes.com;01/12/2022
PRIVILEGE-CASINO;privilege-casino.com;01/12/2022
PRIVILEGE-CASINO;www.privilege-casino.com;01/12/2022
MEILLEURCASINO.bet;meilleurcasino.best;01/12/2022
MEILLEURCASINO.bet;www.meilleurcasino.best;01/12/2022
LESMACHINESASOUS.club;lesmachinesasous.club;01/12/2022
LESMACHINESASOUS.club;www.lesmachinesasous.club;01/12/2022
YBET;ybet.com;01/12/2022
YBET;www.ybet.com;01/12/2022
1001CASINOS;1001casinos.com;02/12/2022
1001CASINOS;www.1001casinos.com;02/12/2022
CASINOSFRANCAISRECOMMANDES;casinosfrancaisrecommandes.fr;02/12/2022
CASINOSFRANCAISRECOMMANDES;www.casinosfrancaisrecommandes.fr;02/12/2022
MYCASINOENLIGNE;mycasinoenligne.com;07/12/2022
MYCASINOENLIGNE;www.mucasinoenligne.com;07/12/2022
TOP-CASINO-FIABLE;top-casino-fiable.com;07/12/2022
TOP-CASINO-FIABLE;www.top-casino-fiable.com;07/12/2022
FANTASYLEAGUE;fantasyleague.com;02/01/2023
FANTASYLEAGUE;www.fantasyleague.com;02/01/2023
KAHUNACASINO;kahunacasino.net;02/01/2023
KAHUNACASINO;www.kahunacasino.net;02/01/2023
AVISCASINO;aviscasino.org;02/01/2023
AVISCASINO;www.aviscasino.org;02/01/2023
MYSTAKECLUB;mystake.club;02/01/2023
MYSTAKECLUB;www.mystake.club;02/01/2023
MYSTAKE;www.mystake.eu;02/01/2023
MYSTAKE;mystake.eu;02/01/2023
MYSTAKE;www.mystake.cc;02/01/2023
MYSTAKE;mystake.cc;02/01/2023
MYSTAKE;mystake1.com;02/01/2023
JEUXCASINOBONUS;jeuxcasinobonus.com;02/01/2023
JEUXCASINOBONUS;www.jeuxcasinobonus.com;02/01/2023
CFEL;cfel.fr;02/01/2023
CFEL;www.cfel.fr;02/01/2023
VEGASPLUS / WINVEGASPLUS;winvegasplus.com;04/01/2023
VEGASPLUS / WINVEGASPLUS;www.winvegasplus.com;04/01/2023
VEGASPLUS / WINVEGASPLUS;winvegasplus-pro.com;04/01/2023
VEGASPLUS / WINVEGASPLUS;www.winvegasplus-pro.com;04/01/2023
VEGASPLUS / WINVEGASPLUS;winvegasplus-excellent.com;04/01/2023
VEGASPLUS / WINVEGASPLUS;www.winvegasplus-excellent.com;04/01/2023
VEGASPLUS / WINVEGASPLUS;winvegasplus-palace.com;04/01/2023
VEGASPLUS / WINVEGASPLUS;www.winvegasplus-palace.com;04/01/2023
VEGASPLUS / WINVEGASPLUS;winvegasplus-games.com;04/01/2023
VEGASPLUS / WINVEGASPLUS;www.winvegasplus-games.com;04/01/2023
VEGASPLUS / WINVEGASPLUS;winvegasplus-club.com;04/01/2023
VEGASPLUS / WINVEGASPLUS;www.winvegasplus-club.com;04/01/2023
FATBOSS;www.fatbosswin.com;02/01/2023
FATBOSS;fatbosswin.com;02/01/2023
FATBOSS;casinofatboss.com;02/01/2023
FATBOSS;www.casinofatboss.com;02/01/2023
FATBOSS;fatboss-casino.com;02/01/2023
FATBOSS;fatbosspro.com;02/01/2023
FATBOSS;www.fatbosspro.com;02/01/2023
AVIS-CASINOS;avis-casinos.net;04/01/2023
AVIS-CASINOS;www.avis-casinos.net;04/01/2023
SOSCASINO;soscasino.com;02/01/2023
SOSCASINO;www.soscasino.com;02/01/2023
CASINOINTENSE;casinointense-first.com;04/01/2023
CASINOINTENSE;www.intense-first.com;04/01/2023
CASINOINTENSE;intense-esp.com;04/01/2023
CASINOINTENSE;www.intense-esp.com;04/01/2023
CASINOINTENSE;intense-ch.com;04/01/2023
CASINOINTENSE;www.intense-ch.com;04/01/2023
CASINOINTENSE;casinointense-fun.com;04/01/2023
CASINOINTENSE;www.casinointense-fun.com;04/01/2023
KINGSCHANCE;www.clubkingschance.com;04/01/2023
KINGSCHANCE;clubkingschance.com;04/01/2023
DUBLINBET;dublinbet-casino.com;04/01/2023
DUBLINBET;www.dublinbet-casino.com;04/01/2023
VEGASPLUS / WINVEGASPLUS;winvegasplus-roof.com;01/02/2023
VEGASPLUS / WINVEGASPLUS;www.winvegasplus-roof.com;01/02/2023
VEGASPLUS / WINVEGASPLUS;winvegasplus-pin.com;01/02/2023
VEGASPLUS / WINVEGASPLUS;www.winvegasplus-pin.com;01/02/2023
VEGASPLUS / WINVEGASPLUS;winvegasok.com;01/02/2023
VEGASPLUS / WINVEGASPLUS;www.winvegasok.com;01/02/2023
VEGASPLUS / WINVEGASPLUS;vegas-plus-casino.fr;01/02/2023
VEGASPLUS / WINVEGASPLUS;www.vegas-plus-casino.fr;01/02/2023
DUBLINBET;dublinbetmore.com;26/01/2023
DUBLINBET;www.dublinbetmore.com;26/01/2023
DUBLINBET;dublinbetcasino5.fr;26/01/2023
DUBLINBET;www.dublinbetcasino5.fr;26/01/2023
UNIQUE / WINUNIQUE;winuniquecasino-on.com;01/02/2023
UNIQUE / WINUNIQUE;www.winuniquecasino-on.com;01/02/2023
UNIQUE / WINUNIQUE;winuniquecasino-loot.com;01/02/2023
UNIQUE / WINUNIQUE;www.winuniquecasino-loot.com;01/02/2023
UNIQUE / WINUNIQUE;winuniquecasino-dream.com;01/02/2023
UNIQUE / WINUNIQUE;www.winuniquecasino-dream.com;01/02/2023
UNIQUE / WINUNIQUE;uniquecasino.info;01/02/2023
UNIQUE / WINUNIQUE;www.uniquecasino.info;01/02/2023
TOP-SITE-CASINO;top-site-casino.com;01/02/2023
TOP-SITE-CASINO;www.top-site-casino.com;01/02/2023
JEUDUPOULET;jeudupoulet.com;18/01/2023
JEUDUPOULET;www.jeudupoulet.com;18/01/2023
CHICKENMYSTAKE;chickenmystake.com;01/02/2023
CHICKENMYSTAKE;www.chickenmystake.com;01/02/2023
CHICKENMYSTAKE;fr.chickenmystake.com;01/02/2023
CHICKENMYSTAKE;chicken-mystake;01/02/2023
CHICKENMYSTAKE;www.chicken-mystake;01/02/2023
CHICKENMYSTAKE;fr.chicken-mystake;01/02/2023
PARISCASINO;pariscasino9.com;26/01/2023
PARISCASINO;www.pariscasino9.com;26/01/2023
KINGSCHANCE;kingschancespin.com;26/01/2023
KINGSCHANCE;www.kingschancespin.com;26/01/2023
KINGSCHANCE;trykingschance.com;26/01/2023
KINGSCHANCE;www.trykingschance.com;26/01/2023
CASINOINTENSE;casinointense-pure.com;26/01/2023
CASINOINTENSE;www.casinointense-pure.com;26/01/2023
CASINOINTENSE;casinointense.eu;26/01/2023
CASINOINTENSE;www.casinointense.eu;26/01/2023
CASINOINTENSE;casinointense.net;26/01/2023
CASINOINTENSE;www.casinointense.net;26/01/2023
CASINOINTENSE;casinointense-ace.com;26/01/2023
CASINOINTENSE;www.casinointense-ace.com;26/01/2023
COLLECTOSPHERE;collectosphere.com;26/01/2023
COLLECTOSPHERE;www.collectosphere.com;26/01/2023
DELENTREDEUX;delentredeux.fr;31/01/2023
DELENTREDEUX;www.delentredeux.fr;31/01/2023
CMAXBET;cmaxbet.com;26/01/2023
CMAXBET;www.cmaxbet.com;26/01/2023
CMAXBET;fr.cmaxbet.com;26/01/2023
CMAXBET;www.fr.cmaxbet.com;26/01/2023
MYSTAKEMIRROR;mystakemirror.com;03/02/2023
MYSTAKEMIRROR;www.mystakemirror.com;03/02/2023
MYSTAKEMIRROR;fr.mystakemirror.com;03/02/2023
MACHANCECASINOAVIS;machancecasinoavis.com;03/02/2023
MACHANCECASINOAVIS;www.machancecasinoavis.com;03/02/2023
ROLLETTO;rolletto.io;31/01/2023
ROLLETTO;www.rolletto.io;31/01/2023
ROLLETTO;rolletto.com;31/01/2023
ROLLETTO;www.rolletto.com;31/01/2023
ROLLETTO;rolletto.eu;31/01/2023
ROLLETTO;www.rolletto.eu;31/01/2023
ARTCASINO;artcasino.io;13/02/2023
ARTCASINO;www.artcasino.io;13/02/2023
MACHANCECASINO.info;machancecasino.info;27/02/2023
MACHANCECASINO.info;www.machancecasino.info;27/02/2023
MACHANCECASINO.vip;machancecasino.vip;27/02/2023
MACHANCECASINO.vip;www.machancecasino.vip;27/02/2023
MACHANCECASINO3;machancecasino3.fr;27/02/2023
MACHANCECASINO3;www.machancecasino3.fr;27/02/2023
MACHANCASINO5;machancecasino5.fr;27/02/2023
MACHANCASINO5;www.machancecasino5.fr;27/02/2023
VEGASPLUS / WINVEGASPLUS;vegaspluscasino1.com;27/02/2023
VEGASPLUS / WINVEGASPLUS;www.vegaspluscasino1.com;27/02/2023
VEGASPLUS / WINVEGASPLUS;winvegasplus-well.com;27/02/2023
VEGASPLUS / WINVEGASPLUS;www.winvegasplus-well.com;27/02/2023
CASINOEXTRA;casinoextrabet.com;27/02/2023
CASINOEXTRA;www.casinoextrabet.com;27/02/2023
CASINOEXTRA;casinoextraplus.com;27/02/2023
CASINOEXTRA;www.casinoextraplus.com;27/02/2023
CASINOEXTRA;casinoextramore.com;27/02/2023
CASINOEXTRA;www.casinoextramore.com;27/02/2023
CASINOEXTRA;casinoextra-2.com;27/02/2023
CASINOEXTRA;www.casinoextra-2.com;27/02/2023
UNIQUE / WINUNIQUE;winuniquecasino-glor.com;27/02/2023
UNIQUE / WINUNIQUE;www.winuniquecasino-glor.com;27/02/2023
UNIQUE / WINUNIQUE;winuniquecasino-pure.com;27/02/2023
UNIQUE / WINUNIQUE;www.winuniquecasino-pure.com;27/02/2023
UNIQUE / WINUNIQUE;uniquecasino.win;27/02/2023
UNIQUE / WINUNIQUE;www.uniquecasino.win;27/02/2023
UNIQUE / WINUNIQUE;winuniquecasino-ace.com;27/02/2023
UNIQUE / WINUNIQUE;www.winuniquecasino-ace.com;27/02/2023
UNIQUE / WINUNIQUE;uniquecasino2.com;27/02/2023
UNIQUE / WINUNIQUE;www.uniquecasino2.com;27/02/2023
UNIQUE / WINUNIQUE;winuniquecasino-master.com;27/02/2023
UNIQUE / WINUNIQUE;www.winuniquecasino-master.com;27/02/2023
UNIQUE / WINUNIQUE;winuniquecasino-fab.com;27/02/2023
UNIQUE / WINUNIQUE;www.winuniquecasino-fab.com;27/02/2023
UNIQUE / WINUNIQUE;casinounique.info;27/02/2023
UNIQUE / WINUNIQUE;www.casinounique.info;27/02/2023
MACHANCE / WINMACHANCE;winmachancecasino-flip.com;27/02/2023
MACHANCE / WINMACHANCE;www.winmachancecasino-flip.com;27/02/2023
MACHANCE / WINMACHANCE;winmachancecasino-best.com;27/02/2023
MACHANCE / WINMACHANCE;www.winmachancecasino-best.com;27/02/2023
MACHANCE / WINMACHANCE;winmachancecasino-elix.com;27/02/2023
MACHANCE / WINMACHANCE;www.winmachancecasino-elix.com;27/02/2023
MACHANCE / WINMACHANCE;winmachancecasino.com;27/02/2023
MACHANCE / WINMACHANCE;www.winmachancecasino.com;27/02/2023
MACHANCE / WINMACHANCE;winmachancecasino-pro.com;27/02/2023
MACHANCE / WINMACHANCE;www.winmachancecasino-pro.com;27/02/2023
MACHANCE / WINMACHANCE;winmachancecasino-action.com;27/02/2023
MACHANCE / WINMACHANCE;www.winmachancecasino-action.com;27/02/2023
MACHANCE / WINMACHANCE;winmachancecasino-bond.com;27/02/2023
MACHANCE / WINMACHANCE;www.winmachancecasino-bond.com;27/02/2023
MACHANCE / WINMACHANCE;winmachancecasino-exclusive.com;27/02/2023
MACHANCE / WINMACHANCE;www.winmachancecasino-exclusive.com;27/02/2023
MACHANCE / WINMACHANCE;winmachance.com;27/02/2023
MACHANCE / WINMACHANCE;www.winmachance.com;27/02/2023
MACHANCE / WINMACHANCE;winmachancecasino-slots.com;27/02/2023
MACHANCE / WINMACHANCE;www.winmachancecasino-slots.com;27/02/2023
MACHANCE / WINMACHANCE;winmachancecasino-next.com;27/02/2023
MACHANCE / WINMACHANCE;wwww.winmachancecasino-next.com;27/02/2023
EVOLVECASINO;evolvecasino3.com;27/02/2023
EVOLVECASINO;www.evolvecasino3.com;27/02/2023
ILEDECASINO;iledecasino.com;01/03/2023
ILEDECASINO;www.iledecasino.com;01/03/2023
ILEDECASINO;casino-iledacasino.com;01/03/2023
ILEDECASINO;www.casino-iledacasino.com;01/03/2023
ILEDECASINO;iledecasino-tunisie.com;01/03/2023
ILEDECASINO;www.iledecasino-tunisie.com;01/03/2023
ILEDECASINO;iledecasino-algerie.com;01/03/2023
ILEDECASINO;www.iledecasino-algerie.com;01/03/2023
ILEDECASINO;iledecasino-dr-congo.com;01/03/2023
ILEDECASINO;www.iledecasino-dr-congo.com;01/03/2023
ILEDECASINO;orientexpresscasino.fr;01/03/2023
MYSTAKE.club;mystake.one;01/03/2023
MYSTAKE.club;www.mystake.one;01/03/2023
MONDCASINO;mond.casino;20/02/2023
MONDCASINO;mondcasino.com;20/02/2023
MONDCASINO;www.mondcasino.com;20/02/2023
THORCASINO;thorcasino.io;13/02/2023
THORCASINO;www.thorcasino.io;13/02/2023
PLAYOUWIN;playouwin.com;01/03/2023
PLAYOUWIN;www.playouwin.com;01/03/2023
WOLFYCASINO;wolfycasino.com;01/03/2023
WOLFYCASINO;www.wolfycasino.com;01/03/2023
WOLFYCASINO;wolfycasino1.com;01/03/2023
WOLFYCASINO;www.wolfycasino1.com;01/03/2023
WOLFYCASINO;wolfycasino2.com;01/03/2023
WOLFYCASINO;www.wolfycasino2.com;01/03/2023
WOLFYCASINO;wolfycasino3.com;01/03/2023
WOLFYCASINO;www.wolfycasino3.com;01/03/2023
WINNERCASINO;winnercasino.bet;01/03/2023
WINNERCASINO;www.winnercasino.bet;01/03/2023
SCATTERHALL;scatterhall.com;01/03/2023
SCATTERHALL;www.scatterhall.com;01/03/2023
EFIRBET;efirbet.com;01/03/2023
EFIRBET;www.efirbet.com;01/03/2023
DOCTEURCASINO;docteurcasino.io;01/03/2023
DOCTEURCASINO;www.docteurcasino.io;01/03/2023
GREATWIN;greatwin.com;01/03/2023
GREATWIN;www.greatwin.;01/03/2023
GREATWIN;greatwin1.com;01/03/2023
GREATWIN;www.greatwin1.com;01/03/2023
GREATWIN;greatwin2.com;01/03/2023
GREATWIN;www.greatwin2.com;01/03/2023
TREASURESPINS;treasurespins.com;01/03/2023
TREASURESPINS;www.treasurespins.com;01/03/2023
TREASURESPINS;treasurespins1.com;01/03/2023
BETFLIP;betflip.io;13/02/2023
BETFLIP;www.betflip.io;13/02/2023
CASINOEAGLES;casinoeagles.com;27/02/2023
CASINOEAGLES;www.casinoeagles.com;27/02/2023
CASINOINTENSE;casinointense-lofty.com;13/02/2023
CASINOINTENSE;www.casinointense-lofty.com;13/02/2023
CASINOINTENSE;casinointense-slots.com;13/02/2023
CASINOINTENSE;www.casinointense-slots.com;13/02/2023
CASINOINTENSE;casinointense-game.com;13/02/2023
CASINOINTENSE;www.casinointense-game.com;13/02/2023
CASINOINTENSE;casinointense-fab.com;13/02/2023
CASINOINTENSE;www.casinointense-fab.com;13/02/2023
FRESHBET;fresh-bet.com;27/02/2023
FRESHBET;freshbet.com;27/02/2023
FRESHBET;www.freshbet.com;27/02/2023
JACKPOTVILLA;jackpotvilla.com;27/02/2023
JACKPOTVILLA;www.jackpotvilla.com;27/02/2023
LEROIJOHNNY;leroijohnny.net;27/02/2023
LEROIJOHNNY;www.leroijohnny.net;27/02/2023
CAMPEONBET;www.campeonbet.com;27/02/2023
CAMPEONBET;campeonbet.com;27/02/2023
CAMPEONBET;www.campeonbet.co ;27/02/2023
CAMPEONBET;campeonbet.co;27/02/2023
CAMPEONBET;www.campeonbet1.com;27/02/2023
CAMPEONBET;campeonbet1.com;27/02/2023
CASINOENLIGNEFRANCE;casinoenlignefrance.com;27/02/2023
CASINOENLIGNEFRANCE;www.casinoenlignefrance.com;27/02/2023
EUROPE777;europe777casino.com;27/02/2023
EUROPE777;www.europe777casino.com;27/02/2023
LECASINOSHOW;lecasinoshow.com;27/02/2023
LECASINOSHOW;www.lecasinoshow.com;27/02/2023
MACAU;macaucasino4.com;13/02/2023
MACAU;www.macaucasino4.com;13/02/2023
RICHKING;richkingcasino.com;27/02/2023
RICHKING;www.richkingcasino.com;27/02/2023
SLOTGARD;slotgard.com;27/02/2023
SLOTGARD;www.slotgard.com;27/02/2023
SLOTGARD;slotgards.com;27/02/2023
SLOTGARD;www.slotgards.com;27/02/2023
SLOTPOWERS;www.the-slot-power-casino.com;27/02/2023
SLOTPOWERS;the-slot-power-casino.com;27/02/2023
SLOTPOWERS;www.slotpowerscasino.com;27/02/2023
SLOTPOWERS;slotpowerscasino.com;27/02/2023
TOPCASINOSUISSE;topcasinosuisse.com;27/02/2023
TOPCASINOSUISSE;www.topcasinosuisse.com;27/02/2023
YONIBET;yonibet1.com;27/02/2023
YONIBET;www.yonibet1.com;27/02/2023
CASINOEXTRA;casinoextra4.fr;20/03/2023
CASINOEXTRA;www.casinoextra4.fr;20/03/2023
KAHUNACASINO;kahuna888.com;20/03/2023
KAHUNACASINO;www.kahuna888.com;20/03/2023
MACHANCECASINO5;machancecasino5.com;20/03/2023
MACHANCECASINO5;www.machancecasino5.com;20/03/2023
DIVASLUCKCASINO;divasluckcasino.com;20/03/2023
DIVASLUCKCASINO;www.divasluckcasino.com;20/03/2023
DIVASLUCKCASINO;divaspages.com;20/03/2023
DIVASLUCKCASINO;www.divaspages.com;20/03/2023
DIVASLUCKCASINO;divasluckcasino654.com;20/03/2023
DIVASLUCKCASINO;www.divasluckcasino654.com;20/03/2023
DIVASLUCKCASINO;divasluckcasino852.com;20/03/2023
DIVASLUCKCASINO;www.divasluckcasino852.com;20/03/2023
DIVASLUCKCASINO;divasluckcasino741.com;20/03/2023
DIVASLUCKCASINO;www.divasluckcasino741.com;20/03/2023
FRANCECASINO;francecasino6.com;20/03/2023
FRANCECASINO;www.francecasino6.com;20/03/2023
UNIQUE / WINUNIQUE;winuniquecasino-area.com;21/03/2023
UNIQUE / WINUNIQUE;www.winuniquecasino-area.com;21/03/2023
UNIQUE / WINUNIQUE;winuniquecasino-gold.com;21/03/2023
UNIQUE / WINUNIQUE;www.winuniquecasino-gold.com;21/03/2023
MACHANCE / WINMACHANCE;winmachancecasino-loco.com;27/03/2023
MACHANCE / WINMACHANCE;www.winmachancecasino-loco.com;27/03/2023
MACHANCE / WINMACHANCE;winmachancecasino-box.com;27/03/2023
MACHANCE / WINMACHANCE;www.winmachancecasino-box.com;27/03/2023
CRAZYFORTUNECASINO;crazyfortunecasino.bet;23/03/2023
CRAZYFORTUNECASINO;www.crazyfortunecasino.bet;23/03/2023
MYSTAKEDINO;mystakedino.com;23/03/2023
MYSTAKEDINO;www.mystakedino.com;23/03/2023
MYSTAKEDINO;fr.mystakedino.com;23/03/2023
ONLINECASINOSLEGAL;onlinecasinoslegal.com;27/03/2023
ONLINECASINOSLEGAL;www.onlinecasinoslegal.com;27/03/2023
MYSTAKEMIRROR;mystakemirror.pnline;27/03/2023
ARTCASINO;artcasino1.io;23/03/2023
ARTCASINO;www.artcasino1.io;23/03/2023
CORRECTCASINOS;correctcasinos.com;23/03/2023
CORRECTCASINOS;www.correctcasinos.com;23/03/2023
GREATWIN;greatwin6.com;23/03/2023
GREATWIN;www.greatwin6.com;23/03/2023
KRYPTOSINO;kryptosino.com;23/03/2023
KRYPTOSINO;www.kryptosino.com;23/03/2023
LAVOIEDESINDES;lavoiedesindes.fr;27/03/2023
LAVOIEDESINDES;www.lavoiedesindes.fr;27/03/2023
LCB;lcb.org;23/03/2023
LCB;www.lcb.org;23/03/2023
LCB;fr.lcb.org;23/03/2023
PLAYOUWIN;playouwin1.com;23/03/2023
PLAYOUWIN;www.playouwin.1.com;23/03/2023
SVENBET;svenbet.com;27/03/2023
SVENBET;www.svenbet.com;27/03/2023
SVENBET;sven-bet.com;27/03/2023
SVENBET;www.sven-bet.com;27/03/2023
THORCASINO;thorcasino1.com;23/03/2023
THORCASINO;www.thorcasino1.com;23/03/2023
VASYCASINO;vasycasino1.com;27/03/2023
VASYCASINO;www.vasycasino1.com;27/03/2023
SLOTPOWERS;slotpowersemail.ocm;20/03/2023
SLOTPOWERS;www.slotpowersemail.com;20/03/2023
MYSTAKE;mystake2.com;26/04/2023
MYSTAKE;www.mystake2.com;26/04/2023
MYSTAKE;my-stake.casino;26/04/2023
MYSTAKE;www.my-stake.casino;26/04/2023
MYSTAKE;my-stake.fr;26/04/2023
MYSTAKE;www.my-stake.fr;26/04/2023
MYSTAKE-FranÃ§ais;mybetstake.club;26/04/2023
MYSTAKE-FranÃ§ais;www.mybetstake.club;26/04/2023
CASINOEXTRA;casinoextraspin.com;26/04/2023
CASINOEXTRA;www.casinoextraspin.com;26/04/2023
CASINOEXTRA;fitisly.com;26/04/2023
CASINOEXTRA;www.fitisly.com;26/04/2023
CASINOEXTRA;casino-extra.fr;26/04/2023
CASINOEXTRA;www.casino-extra.fr;26/04/2023
VEGASPLUS / WINVEGASPLUS;winvegasplus-join.com;26/04/2023
VEGASPLUS / WINVEGASPLUS;www.winvegasplus-join.com;26/04/2023
VEGASPLUS / WINVEGASPLUS;vegas-plus-fr.com;26/04/2023
VEGASPLUS / WINVEGASPLUS;www.vegas-plus-fr.com;26/04/2023
VEGASPLUS / WINVEGASPLUS;winvegasplus-global.com;26/04/2023
VEGASPLUS / WINVEGASPLUS;www.winvegasplus-global.com;26/04/2023
VEGASPLUS / WINVEGASPLUS;winvegasplus-loft.com;26/04/2023
VEGASPLUS / WINVEGASPLUS;www.winvegasplus-loft.com;26/04/2023
MACHANCE / WINMACHANCE;winmachancecasino-gift.com;26/04/2023
MACHANCE / WINMACHANCE;www.winmachancecasino-gift.com;26/04/2023
MACHANCE / WINMACHANCE;winmachancecasino-great.com;26/04/2023
MACHANCE / WINMACHANCE;www.winmachancecasino-great.com;26/04/2023
MACHANCE / WINMACHANCE;ma-chance-casino.info;26/04/2023
MACHANCE / WINMACHANCE;www.ma-chance-casino.info;26/04/2023
MACHANCE / WINMACHANCE;winmachance-online.com;26/04/2023
MACHANCE / WINMACHANCE;www.winmachance-online.com;26/04/2023
MACHANCE / WINMACHANCE;winmachancefab.com;26/04/2023
MACHANCE / WINMACHANCE;www.winmachancefab.com;26/04/2023
MACHANCE / WINMACHANCE;winmachancecasino-real.com;26/04/2023
MACHANCE / WINMACHANCE;www.winmachancecasino-real.com;26/04/2023
MACHANCE / WINMACHANCE;winmachancecasino-emp.com;26/04/2023
MACHANCE / WINMACHANCE;www.winmachancecasino-emp.com;26/04/2023
MACHANCE / WINMACHANCE;winmachancecasino-first.com;26/04/2023
MACHANCE / WINMACHANCE;www.winmachancecasino-first.com;26/04/2023
MACHANCE / WINMACHANCE;winmachancecasino-hill.com;26/04/2023
MACHANCE / WINMACHANCE;www.winmachancecasino-hill.com;26/04/2023
MACHANCE / WINMACHANCE;winmachancecasino-star.com;26/04/2023
MACHANCE / WINMACHANCE;www.winmachancecasino-star.com;26/04/2023
MACHANCE / WINMACHANCE;winmachancecasino-gate.com;26/04/2023
MACHANCE / WINMACHANCE;www.winmachancecasino-gate.com;26/04/2023
MACHANCE / WINMACHANCE;winmachancecasino-hall.com;26/04/2023
MACHANCE / WINMACHANCE;www.winmachancecasino-hall.com;26/04/2023
MACHANCE / WINMACHANCE;winmachancecasino-deluxe.com;26/04/2023
MACHANCE / WINMACHANCE;www.winmachancecasino-deluxe.com;26/04/2023
MACHANCE / WINMACHANCE;winmachancecasino-play.com;26/04/2023
MACHANCE / WINMACHANCE;www.winmachancecasino-play.com;26/04/2023
1RED;1red.com;26/04/2023
1RED;www.1red.com;26/04/2023
1RED;1red-casino.com;26/04/2023
1RED;www.1red-casino.com;26/04/2023
RUBYVEGAS;rubyvegas.casino;26/04/2023
RUBYVEGAS;rubyvegas.com;26/04/2023
RUBYVEGAS;www.rubyvegas.com;26/04/2023
SLOTMADNESS;slotmadness.com;26/04/2023
SLOTMADNESS;www.slotmadness.com;26/04/2023
SLOTMADNESS;slotmadnessonlinecasino.com;26/04/2023
SLOTMADNESS;www.slotmadnessonlinecasino.com;26/04/2023
FRCASINOSPOT;frcasinospot.com;26/04/2023
FRCASINOSPOT;www.frcasinospot.com;26/04/2023
CASINOINTENSE;casinointense-palace.com;26/04/2023
CASINOINTENSE;www.casinointense-palace.com;26/04/2023
CASINOINTENSE;casinointense-grand.com;26/04/2023
CASINOINTENSE;www.casinointense-grand.com;26/04/2023
CASINOINTENSE;casinointense-impact.com;26/04/2023
CASINOINTENSE;www.casinointense-impact.com;26/04/2023
CASINOINTENSE;casinointense-jolly.com;26/04/2023
CASINOINTENSE;www.casinointense-jolly.com;26/04/2023
CASINOINTENSE;casinointense-maj.com;26/04/2023
CASINOINTENSE;www.casinointense-maj.com;26/04/2023
CASINOINTENSE;intense-es.com;26/04/2023
CASINOINTENSE;www.intense-es.com;26/04/2023
DUBLINBET;dublinbet2022.com;26/04/2023
DUBLINBET;www.dublinbet2022.com;26/04/2023
DUBLINBET;dublinbetplus.com;26/04/2023
DUBLINBET;www.dublinbetplus.com;26/04/2023
DUBLINBET;dublinbet.club;26/04/2023
DUBLINBET;www.dublinbet.club;26/04/2023
MONTECRYPTOS;gomontecryptos9.com;26/04/2023
MONTECRYPTOS;www.gomontecryptos9.com;26/04/2023
MONTECRYPTOS;gomontecryptos2.com;26/04/2023
MONTECRYPTOS;www.gomontecryptos2.com;26/04/2023
MONTECRYPTOS;montecryptos.net;26/04/2023
MONTECRYPTOS;www.montecryptos.net;26/04/2023
BONUSCASINOSANSDEPOT;bonuscasinosansdepot.net;26/04/2023
CASINO1CLUB;club1casino.xyz;26/04/2023
CASINO1CLUB;www.club1casino.xyz;26/04/2023
INFOCASINO;infocasino.net;26/04/2023
INFOCASINO;www.infocasino.net;26/04/2023
4KASINO;4kasino.com;27/04/2023
4KASINO;www.4kasino.com;27/04/2023
BLACKJACKDOC;blackjackdoc.fr;27/04/2023
BLACKJACKDOC;www.blackjackdoc.fr;27/04/2023
BLACKJACKDOC;blackjackdoc.com;27/04/2023
BLACKJACKDOC;www.blackjackdoc.com;27/04/2023
BLACKJACKDOC;blackjackdoc.business.site;27/04/2023
BONOBONO;bonobono.fr;27/04/2023
BONOBONO;www.bonobono.fr;27/04/2023
CASH-GRATUIT;cash-gratuit.com;27/04/2023
CASH-GRATUIT;www.cash-gratuit.com;27/04/2023
CASINOSSANSDEPOTS;casinossansdepots.com;27/04/2023
CASINOSSANSDEPOTS;www.casinossansdepot.com;27/04/2023
EXCELSIORCASINO;excelsior.com;27/04/2023
EXCELSIORCASINO;www.excelsior.com;27/04/2023
OHMYZINO;ohmyzino.com;27/04/2023
OHMYZINO;www.ohmyzino.com;27/04/2023
OHMYZINO;ohmyzino66.com;27/04/2023
OHMYZINO;www.ohmyzino66.com;27/04/2023
OHMYZINO;ohmyzino27.com;27/04/2023
OHMYZINO;www.ohmyzino27.com;27/04/2023
ROULETTE77;roulette77congo.com;27/04/2023
ROULETTE77;www.roulette77congo.com;27/04/2023
ROULETTE77;roulette77enligne.company.site;27/04/2023
ROULETTE77;www.roulette77enligne.company.site;27/04/2023
ROULETTE77;roulette77.fr;27/04/2023
ROULETTE77;www.roulette77.fr;27/04/2023
ROULETTE77;roulette77.co.uk;27/04/2023
ROULETTE77;www.roulette77.co.uk;27/04/2023
ROULETTE77;roulette77canada.org;27/04/2023
ROULETTE77;www.roulette77canada.org;27/04/2023
ROULETTE77;roulette77dominica.com;27/04/2023
ROULETTE77;www.roulette77dominica.com;27/04/2023
ROULETTE77;roulette77.de;27/04/2023
ROULETTE77;www.roulette77.de;27/04/2023
ROULETTE77;roulette77.in;27/04/2023
ROULETTE77;www.roulette77.in;27/04/2023
ROULETTE77;roulette77.at;27/04/2023
ROULETTE77;www.roulette77.at;27/04/2023
LESEXPERTSDUCASINO;lesexpertsducasino.com;10/05/2023
LESEXPERTSDUCASINO;www.lesexpertsducasino.com;10/05/2023
STICKYWILDS;stickywilds2.com;10/05/2023
STICKYWILDS;www.stickywilds2.com;10/05/2023
SANSDEPOT365;sandepot365.com;10/05/2023
SANSDEPOT365;www.sandepot365.com;10/05/2023
PARISCASINO;pariscasino10.com;10/05/2023
PARISCASINO;www.pariscasino10.com;10/05/2023
UNIQUE / WINUNIQUE;winuniquecasino-great.com;10/05/2023
UNIQUE / WINUNIQUE;www.winuniquecasino-great.com;10/05/2023
UNIQUE / WINUNIQUE;winuniquecasino-life.com;10/05/2023
UNIQUE / WINUNIQUE;www.winuniquecasino-life.com;10/05/2023
UNIQUE / WINUNIQUE;winuniquecasino-fancy.com;10/05/2023
UNIQUE / WINUNIQUE;www.winuniquecasino-fancy.com;10/05/2023
UNIQUE / WINUNIQUE;winunique-games.com;10/05/2023
UNIQUE / WINUNIQUE;www.winunique-games.com;10/05/2023
UNIQUE / WINUNIQUE;winunique-online.com;10/05/2023
UNIQUE / WINUNIQUE;www.winunique-online.com;10/05/2023
UNIQUE / WINUNIQUE;winuniquecasino-posh.com;10/05/2023
UNIQUE / WINUNIQUE;www.winuniquecasino-posh.com;10/05/2023
UNIQUE / WINUNIQUE;winunique-luck.com;10/05/2023
UNIQUE / WINUNIQUE;www.winunique-luck.com;10/05/2023
UNIQUE / WINUNIQUE;winuniquebo.com;10/05/2023
UNIQUE / WINUNIQUE;www.winuniquebo.com;10/05/2023
UNIQUE / WINUNIQUE;winuniquecasino-epic.com;10/05/2023
UNIQUE / WINUNIQUE;www.winuniquecasino-epic.com;10/05/2023
UNIQUE / WINUNIQUE;winuniquecasino-gift.com;10/05/2023
UNIQUE / WINUNIQUE;www.winuniquecasino-gift.com;10/05/2023
UNIQUE / WINUNIQUE;uniquecasino.eu;10/05/2023
UNIQUE / WINUNIQUE;www.uniquecasino.eu;10/05/2023
UNIQUE / WINUNIQUE;unique-casino.org;10/05/2023
UNIQUE / WINUNIQUE;www.unique-casino.org;10/05/2023
UNIQUE / WINUNIQUE;win-uniquecasino2-fr.site;10/05/2023
UNIQUE / WINUNIQUE;www.win-uniquecasino2-fr.site;10/05/2023
MYSTAKESPORTS;mystakesports.com;10/05/2023
MYSTAKESPORTS;www.mystakesports.com;10/05/2023
CAPTAINCAZ;captaincaz.com;10/05/2023
CAPTAINCAZ;www.captaincaz.com;10/05/2023
CAPTAINCAZ;captaincaz.org;10/05/2023
CAPTAINCAZ;www.captaincaz.org;10/05/2023
BLAZE;blaze.com;10/05/2023
BLAZE;www.blaze.com;10/05/2023
BLAZE;blaze-3.com;10/05/2023
BLAZE;blaze-4.com;10/05/2023
BLAZE;blaze-5.com;10/05/2023
BLAZE;blazemirror.com;10/05/2023
BLAZE;www.blazemirror.com;10/05/2023
EVOLVECASINO;evolvecasino4.com;10/05/2023
EVOLVECASINO;www.evolvecasino4.com;10/05/2023
EVOLVECASINO;evolvecasino3-fr.com;10/05/2023
EVOLVECASINO;www.evolvecasino3-fr.com;10/05/2023
MEGAJACKPOT;lejackpot9.com;10/05/2023
MEGAJACKPOT;www.lejackpot9.com;10/05/2023
LEROIJOHNNY;leroijohnny.info;10/05/2023
LEROIJOHNNY;www.leroijohnny.info;10/05/2023
JEUXDCASINO;jeuxdcasinos.com;22/05/2023
JEUXDCASINO;www.jeuxdcasinos.com;22/05/2023
CASINOINTENSE;casinointense-join.com;22/05/2023
CASINOINTENSE;www.casinointense-join.com;22/05/2023
CASINOINTENSE;casinointense-live.com;22/05/2023
CASINOINTENSE;www.casinointense-live.com;22/05/2023
CASINOINTENSE;casinointense-gold.com;22/05/2023
CASINOINTENSE;www.casinointense-gold.com;22/05/2023
CASINOINTENSE;casinointense-real.com;22/05/2023
CASINOINTENSE;www.casinointense-real.com;22/05/2023
CASINOINTENSE;casinointense-cheer.com;22/05/2023
CASINOINTENSE;www.casinointense-cheer.com;22/05/2023
CASINOINTENSE;casinointense-rare.com;22/05/2023
CASINOINTENSE;www.casinointense-rare.com;22/05/2023
CASINOINTENSE;casinointense-gift.com;22/05/2023
CASINOINTENSE;www.casinointense-gift.com;22/05/2023
CASINOINTENSE;casinointense-global.com;22/05/2023
CASINOINTENSE;www.casinointense-global.com;22/05/2023
CASINOINTENSE;casinointenseslot.com;22/05/2023
CASINOINTENSE;www.casinointenseslot.com;22/05/2023
CASINOEXTRA;casinoextra-2-france.fun;22/05/2023
CASINOEXTRA;www.casinoextra-2-france.fun;22/05/2023
CASINOEXTRA;casinoextra-2-fr.fun;22/05/2023
CASINOEXTRA;www.casinoextra-2-fr.fun;22/05/2023
CASINOEXTRA;casino-extra2.com;22/05/2023
CASINOEXTRA;www.casino-extra2.com;22/05/2023
CASINOEXTRA;casinoextraplay.com;22/05/2023
CASINOEXTRA;www.casinoextraplay.com;22/05/2023
SLOTSUP;slotsup.com;30/05/2023
SLOTSUP;www.slotsup.com;30/05/2023
SLOTSUP;fr.slotsup.com;30/05/2023
VEGASPLUS / WINVEGASPLUS;winvegasplus-real.com;30/05/2023
VEGASPLUS / WINVEGASPLUS;www.winvegasplus-real.com;30/05/2023
VEGASPLUS / WINVEGASPLUS;winvegasplus-marv.com;30/05/2023
VEGASPLUS / WINVEGASPLUS;www.winvegasplus-marv.com;30/05/2023
VEGASPLUS / WINVEGASPLUS;winvegasplus-relax.com;30/05/2023
VEGASPLUS / WINVEGASPLUS;www.winvegasplus-relax.com;30/05/2023
VEGASPLUS / WINVEGASPLUS;winvegasplus-gift.com;30/05/2023
VEGASPLUS / WINVEGASPLUS;www.winvegasplus-gift.com;30/05/2023
VEGASPLUS / WINVEGASPLUS;vegascasino-fr.com;30/05/2023
VEGASPLUS / WINVEGASPLUS;www.vegascasino-fr.com;30/05/2023
MADNESS-BONUS;madness-bonus.com;30/05/2023
MADNESS-BONUS;www.madness-bonus.com;30/05/2023
FRESHBET;fresh-bet1.com;30/05/2023
FRESHBET;www.fresh-bet1.com;30/05/2023
TOP10BONUSFRANCAIS;top10bonusfrancais.com;10/05/2023
TOP10BONUSFRANCAIS;www.top10bonusfrancais.com;10/05/2023
TOP5FRANCAIS;top5francais.com;10/05/2023
TOP5FRANCAIS;www.top5francais.com;10/05/2023
MAGICALCASINO;magicalcasino.co;10/05/2023
MAGICALCASINO;www.magicalcasino.co;10/05/2023
1RED;1red2.com;10/05/2023
1RED;www.1red2.com;10/05/2023
1RED;1red3.com;10/05/2023
1RED;www.1red3.com;10/05/2023
1RED;1red4.com;10/05/2023
1RED;www.1red4.com;10/05/2023
1RED;1red5.com;10/05/2023
1RED;www.1red5.com;10/05/2023
1RED;1red7.com;10/05/2023
1RED;www.1red7.com;10/05/2023
PLEEEASE;pleeease.io;30/05/2023
PLEEEASE;www.pleeease.io;30/05/2023
LIVEGEEK;livegeek.fr;30/05/2023
LIVEGEEK;www.livegeek.fr;30/05/2023
WOLFYCASINO;wolfycasino4.com;30/05/2023
WOLFYCASINO;www.wolfycasino4.com;30/05/2023
EUROPE777;europe777.biz;22/05/2023
EUROPE777;www.europe777.biz;22/05/2023
CASINOONLINEFRANCAIS;casinoonlinefrancais.fr;22/05/2023
CASINOONLINEFRANCAIS;www.casinoonlinefrancais.fr;22/05/2023
MACAU;macaucasino5.com;10/05/2023
MACAU;www.macaucasino5.com;10/05/2023
PLAYOUWIN;playouwin2.com;29/06/2023
PLAYOUWIN;www.playouwin2.com;29/06/2023
ROLLETTO;rolletto.one;29/06/2023
ROLLETTO;www.rolletto.one;29/06/2023
JETX;jetx.casino;29/06/2023
JETX;www.jetx.casino;29/06/2023
MONDCASINO;mondcasino1.com;29/06/2023
MONDCASINO;www.mondcasino1.com;29/06/2023
MONDCASINO;mondcasino2.com;29/06/2023
MONDCASINO;www.mondcasino2.com;29/06/2023
7SIGNS;7signs.com;29/06/2023
7SIGNS;www.7signs.com;29/06/2023
7SIGNS;7signs1.com;29/06/2023
7SIGNS;www.7signs1.com;29/06/2023
7SIGNS;7signs2.com;29/06/2023
7SIGNS;www.7signs2.com;29/06/2023
7SIGNS;7signs3.com;29/06/2023
7SIGNS;www.7signs3.com;29/06/2023
7SIGNS;7signs5.com;29/06/2023
7SIGNS;www.7signs5.com;29/06/2023
7SIGNS;7signs6.com;29/06/2023
7SIGNS;www.7signs6.com;29/06/2023
7SIGNS;7signs7.com;29/06/2023
7SIGNS;www.7signs7.com;29/06/2023
7SIGNS;7signs8.com;29/06/2023
7SIGNS;www.7signs8.com;29/06/2023
7SIGNS;7signs9.com;29/06/2023
7SIGNS;www.7signs9.com;29/06/2023
7SIGNS;7signs10.com;29/06/2023
7SIGNS;www.7signs10.com;29/06/2023
7SIGNS;7signs11.com;29/06/2023
7SIGNS;www.7signs11.com;29/06/2023
7SIGNS;7signs12.com;29/06/2023
7SIGNS;www.7signs12.com;29/06/2023
7SIGNS;7signs13.com;29/06/2023
7SIGNS;www.7signs13.com;29/06/2023
BONUSFRANCE;bonusfrance.com;05/06/2023
BONUSFRANCE;www.bonusfrance.com;05/06/2023
JEUX-GRATUITS.CASINO;jeux-gratuits.casino;05/06/2023
JEUX-GRATUITS.CASINO;www.jeux-gratuits.casino;05/06/2023
YONIBET;yonibet2.com;28/06/2023
YONIBET;www.yonibet2.com;28/06/2023
BABELDOOR;babeldoor.com;03/07/2023
BABELDOOR;www.babeldoor.com;03/07/2023
KINGSCHANCE;kingsworld247.com;14/06/2023
KINGSCHANCE;www.kingsworld247.com;14/06/2023
KINGSCHANCE;livekingschance.com;14/06/2023
KINGSCHANCE;www.livekingschance.com;14/06/2023
KINGSCHANCE;kingschancecampaign;14/06/2023
KINGSCHANCE;www.kingschancecampaign;14/06/2023
KINGSCHANCE;kingschancewin.com;14/06/2023
KINGSCHANCE;www.kingschancewin.com;14/06/2023
LUCKYTREASURE;luckytreasure.com;14/06/2023
LUCKYTREASURE;www.luckytreasure.com;14/06/2023
AVANTGARDECASINO;the-avantgarde-casino.com;14/06/2023
AVANTGARDECASINO;www.the-avantgarde-casino.com;14/06/2023
AVANTGARDECASINO;theavantgardecasino.com;14/06/2023
AVANTGARDECASINO;www.theavantgardecasino.com;14/06/2023
AVANTGARDECASINO;avantgarde-casino.com;14/06/2023
AVANTGARDECASINO;www.avantgarde-casino.com;14/06/2023
FATBOSS;fatboss-casino.fr;14/06/2023
FATBOSS;www.fatboss-casino.fr;14/06/2023
FATBOSS;fatboss.info;14/06/2023
FATBOSS;www.fatboss.info;14/06/2023
FATBOSS;fatboss2023.com;14/06/2023
FATBOSS;www.fatboss2023.com;14/06/2023
FATBOSS;fatboss.biz;14/06/2023
FATBOSS;www.fatboss.biz;14/06/2023
BLAZE;blaze-1.com;14/06/2023
CASINOCOMPARATIF ;casino-comparatif.fr;28/06/2023
CASINOCOMPARATIF ;www.casino-comparatif.fr;28/06/2023
FRANCECASINO;francecasino7.com;29/06/2023
FRANCECASINO;www.francecasino7.com;29/06/2023
DUBLINBET;dublinbet-casino.info;29/06/2023
DUBLINBET;dublinbetplay.com;29/06/2023
DUBLINBET;www.dublinbetplay.com;29/06/2023
UNIQUE / WINUNIQUE;winuniquecasino-wild.com;29/06/2023
UNIQUE / WINUNIQUE;www.winuniquecasino-wild.com;29/06/2023
UNIQUE / WINUNIQUE;winuniquecasino-act.com;29/06/2023
UNIQUE / WINUNIQUE;www.winuniquecasino-act.com;29/06/2023
UNIQUE / WINUNIQUE;uniqueclp.com;29/06/2023
UNIQUE / WINUNIQUE;winuniquecasino-score.com;29/06/2023
UNIQUE / WINUNIQUE;www.winuniquecasino-score.com;29/06/2023
UNIQUE / WINUNIQUE;winuniquecasino-loco.com;29/06/2023
UNIQUE / WINUNIQUE;www.winuniquecasino-loco.com;29/06/2023
STEINERTRIPLES;steinertriples.fr;28/06/2023
STEINERTRIPLES;www.steinertriples.fr;28/06/2023
CASINOINTENSE;casinointense-award.com;29/06/2023
CASINOINTENSE;www.casinointense-award.com;29/06/2023
CASINOINTENSE;casinointense-relax.com;29/06/2023
CASINOINTENSE;www.casinointense-relax.com;29/06/2023
CASINOINTENSE;casinointense-mega.com;29/06/2023
CASINOINTENSE;www.casinointense-mega.com;29/06/2023
CASINOINTENSE;casinointense-final.com;29/06/2023
CASINOINTENSE;www.casinointense-final.com;29/06/2023
CASINOINTENSE;casinointense.one;29/06/2023
MACHANCE / WINMACHANCE;winmachancemaj.com;29/06/2023
MACHANCE / WINMACHANCE;www.winmachancemaj.com;29/06/2023
MACHANCE / WINMACHANCE;winmachancecasino-value.com;29/06/2023
MACHANCE / WINMACHANCE;www.winmachancecasino-value.com;29/06/2023
MACHANCE / WINMACHANCE;winmachancecasino-life.com;29/06/2023
MACHANCE / WINMACHANCE;www.winmachancecasino-life.com;29/06/2023
MACHANCE / WINMACHANCE;winmachancecasino-original.com;29/06/2023
MACHANCE / WINMACHANCE;www.winmachancecasino-original.com;29/06/2023
MACHANCE / WINMACHANCE;winmachancecasino-blast.com;29/06/2023
MACHANCE / WINMACHANCE;www.winmachancecasino-blast.com;29/06/2023
MACHANCE / WINMACHANCE;winmachancecasino-score.com;29/06/2023
MACHANCE / WINMACHANCE;www.winmachancecasino-score.com;29/06/2023
MACHANCE / WINMACHANCE;machancelp.com;29/06/2023
MACHANCE / WINMACHANCE;win-ma-chance-casino-France.site;29/06/2023
MACHANCE / WINMACHANCE;www.win-ma-chance-casino-France.site;29/06/2023
CASINOEXTRA;site.casinoextra-2-fr.guru;29/06/2023
CASINOEXTRA;copperroyer.fr;29/06/2023
CASINOEXTRA;www.copperroyer.fr;29/06/2023
CASINOEXTRA;casinoextra2-fr.guru;29/06/2023
CASINOEXTRA;www.casinoextra2-fr.guru;29/06/2023
VEGASPLUS / WINVEGASPLUS;winvegasplus-solid.com;05/07/2023
VEGASPLUS / WINVEGASPLUS;www.winvegasplus-solid.com;05/07/2023
VEGASPLUS / WINVEGASPLUS;winvegasplus-fun.com;05/07/2023
VEGASPLUS / WINVEGASPLUS;www.winvegasplus-fun.com;05/07/2023
VEGASPLUS / WINVEGASPLUS;winvegasplus-fortune.com;05/07/2023
VEGASPLUS / WINVEGASPLUS;www.winvegasplus-fortune.com;05/07/2023
VEGASPLUS / WINVEGASPLUS;winvegasplus-score.com;05/07/2023
VEGASPLUS / WINVEGASPLUS;www.winvegasplus-score.com;05/07/2023
VEGASPLUS / WINVEGASPLUS;winvegasplus-gain.com;05/07/2023
VEGASPLUS / WINVEGASPLUS;www.winvegasplus-gain.com;05/07/2023
VEGASPLUS / WINVEGASPLUS;winvegasplus-wild.com;05/07/2023
VEGASPLUS / WINVEGASPLUS;www.winvegasplus-wild.com;05/07/2023
VEGASPLUS / WINVEGASPLUS;win-vegas-plus-casino.pro;05/07/2023
VEGASPLUS / WINVEGASPLUS;www.win-vegas-plus-casino.pro;05/07/2023
VEGASPLUS / WINVEGASPLUS;vegasplus.org;05/07/2023
VEGASPLUS / WINVEGASPLUS;www.vegasplus.org;05/07/2023
VEGASPLUS / WINVEGASPLUS;vegaspluslp.com;05/07/2023
MACHANCE / WINMACHANCE;win-machance-casino.fr;17/07/2023
MACHANCE / WINMACHANCE;www.win-machance-casino.fr;17/07/2023
MACHANCE / WINMACHANCE;winmachancecasino-like.com;17/07/2023
MACHANCE / WINMACHANCE;www.winmachancecasino-like.com;17/07/2023
MACHANCE / WINMACHANCE;winmachancecasino-global.com;17/07/2023
MACHANCE / WINMACHANCE;www.winmachancecasino-global.com;17/07/2023
MACHANCE / WINMACHANCE;winmachancedyn.com;17/07/2023
MACHANCE / WINMACHANCE;www.winmachancedyn.com;17/07/2023
MACHANCE / WINMACHANCE;winmachancecasino-gold.com;17/07/2023
MACHANCE / WINMACHANCE;www.winmachancecasino-gold.com;17/07/2023
MACHANCE / WINMACHANCE;winmachancecasino-mark.com;17/07/2023
MACHANCE / WINMACHANCE;www.winmachancecasino-mark.com;17/07/2023
MACHANCE / WINMACHANCE;winmachancecasino-gain.com;17/07/2023
MACHANCE / WINMACHANCE;www.winmachancecasino-gain.com;17/07/2023
MACHANCE / WINMACHANCE;winmachancecasino-final.com;17/07/2023
MACHANCE / WINMACHANCE;www.winmachancecasino-final.com;17/07/2023
MACHANCE / WINMACHANCE;winmachancecasino-club.com;17/07/2023
MACHANCE / WINMACHANCE;www.winmachancecasino-club.com;17/07/2023
MACHANCE / WINMACHANCE;winmachancecasino-luck.com;17/07/2023
MACHANCE / WINMACHANCE;www.winmachancecasino-luck.com;17/07/2023
MACHANCE / WINMACHANCE;winmachancecasino-roof.com;17/07/2023
MACHANCE / WINMACHANCE;www.winmachancecasino-roof.com;17/07/2023
MACHANCE / WINMACHANCE;winmachancecasino-favor.com;17/07/2023
MACHANCE / WINMACHANCE;www.winmachancecasino-favor.com;17/07/2023
MACHANCE / WINMACHANCE;winmachancecasino-place.com;17/07/2023
MACHANCE / WINMACHANCE;www.winmachancecasino-place.com;17/07/2023
MACHANCE / WINMACHANCE;winmachancecasino-day.com;17/07/2023
MACHANCE / WINMACHANCE;www.winmachancecasino-day.com;17/07/2023
MACHANCE / WINMACHANCE;mcjackpotlp.com;17/07/2023
MACHANCE / WINMACHANCE;www.mcjackpotlp.com;17/07/2023
CASINOEXTRA;casinoextra123.com;17/07/2023
CASINOEXTRA;www.casinoextra123.com;17/07/2023
CASINOEXTRA;casino-extra.info;17/07/2023
CASINOEXTRA;www.casino-extra.info;17/07/2023
SLOTERMAN-FRANCAIS;sloterman-francais.com;17/07/2023
SLOTERMAN-FRANCAIS;www.sloterman-francais.com;17/07/2023
TOP-METHODES-ROULETTE;top-methodes-roulette.info;17/07/2023
CASINOSENLIGNE-FRANCAIS;casinosenligne-francais.info;20/07/2023
CASINOSENLIGNE-FRANCAIS;www.casinosenligne-francais.info;20/07/2023
UNIQUE / WINUNIQUE;winuniquecasino-maj.com;20/07/2023
UNIQUE / WINUNIQUE;www.winuniquecasino-maj.com;20/07/2023
UNIQUE / WINUNIQUE;winuniquecasino-mel.com;20/07/2023
UNIQUE / WINUNIQUE;www.winuniquecasino-mel.com;20/07/2023
UNIQUE / WINUNIQUE;winuniquecasino-extra.com;20/07/2023
UNIQUE / WINUNIQUE;www.winuniquecasino-extra.com;20/07/2023
UNIQUE / WINUNIQUE;winuniquecasino-mark.com;20/07/2023
UNIQUE / WINUNIQUE;www.winuniquecasino-mark.com;20/07/2023
UNIQUE / WINUNIQUE;winuniquecasino-gain.com;20/07/2023
UNIQUE / WINUNIQUE;www.winuniquecasino-gain.com;20/07/2023
UNIQUE / WINUNIQUE;winuniquecasino-real.com;20/07/2023
UNIQUE / WINUNIQUE;www.winuniquecasino-real.com;20/07/2023
UNIQUE / WINUNIQUE;winuniquecasino-global.com;20/07/2023
UNIQUE / WINUNIQUE;www.winuniquecasino-global.com;20/07/2023
UNIQUE / WINUNIQUE;uniqueok.live.;20/07/2023
UNIQUE / WINUNIQUE;www.uniqueok.live;20/07/2023
UNIQUE / WINUNIQUE;winuniquecasino-time.com;20/07/2023
UNIQUE / WINUNIQUE;www.winuniquecasino-time.com;20/07/2023
FRESHBET;freshbet2.com;20/07/2023
FRESHBET;www.freshbet2.com;20/07/2023
TOP10CASINOS;top10casinos.com;20/07/2023
TOP10CASINOS;www.top10casinos.com;20/07/2023
CASINO D'AJACCCIO;casino-ajaccio.com;25/07/2023
CASINO D'AJACCCIO;www,casino-ajaccio.com;25/07/2023
ASKBONUS;askbonus.com;05/07/2023
ASKBONUS;www.askbonus.com;05/07/2023
JOUERAUCASINOFIABLE;joueraucasinofiable.com;05/07/2023
JOUERAUCASINOFIABLE;www.joueraucasinofiable.com;05/07/2023
TOUSCASINOSENLIGNE;touscasinosenlignecom;12/07/2023
TOUSCASINOSENLIGNE;www.touscasinosenligne.com;12/07/2023
EUROPAHIRSCH;europahirsch.eu;12/07/2023
EUROPAHIRSCH;www.europahirsch.eu;12/07/2023
CASINOZER;casinozer.com;24/08/2023
CASINOZER;www.casinozer.com;24/08/2023
CASINOZER;casinozer1.com;24/08/2023
CASINOZER;www.casinozer1.com;24/08/2023
CASINOZER;casinozer.eu;24/08/2023
CASINOZER;www.casinozer.eu;24/08/2023
CASINOZER;casinozer1.eu;24/08/2023
CASINOZER;www.casinozer1.eu;24/08/2023
CASINOZER;casinozer2.eu;24/08/2023
CASINOZER;www.casinozer2.eu;24/08/2023
CRYPTOCASINO;crypto-casino.io;24/08/2023
CRYPTOCASINO;www.crypto-casino.io;24/08/2023
VEGAZCASINO;vegazcasino.com;24/08/2023
VEGAZCASINO;www.vegazcasino.com;24/08/2023
VEGAZCASINO;vegazcasino1.com;24/08/2023
VEGAZCASINO;www.vegazcasino1.com;24/08/2023
VEGAZCASINO;vegazcasino2.com;24/08/2023
VEGAZCASINO;www.vegazcasino2.com;24/08/2023
ROYALSTARSCASINO;royalstarscasino.com;24/08/2023
ROYALSTARSCASINO;www.royalstarscasino.com;24/08/2023
MINIMUMDEPOSITCASINOS;minimumdepositcasinos.org;24/08/2023
MINIMUMDEPOSITCASINOS;www.minimumdepositcasinos.org;24/08/2023
LONDONCASINO;londoncasino1.com;24/08/2023
LONDONCASINO;www.londoncasino1.com;24/08/2023
VEGASPLUS / WINVEGASPLUS;winvegasplus-mark.com;24/08/2023
VEGASPLUS / WINVEGASPLUS;www.winvegasplus-mark.com;24/08/2023
VEGASPLUS / WINVEGASPLUS;winvegasplus-point.com;24/08/2023
VEGASPLUS / WINVEGASPLUS;www.winvegasplus-point.com;24/08/2023
VEGASPLUS / WINVEGASPLUS;winvegasplus-place.com;24/08/2023
VEGASPLUS / WINVEGASPLUS;www.winvegasplus-place.com;24/08/2023
VEGASPLUS / WINVEGASPLUS;winvegasplus-favor.com;24/08/2023
VEGASPLUS / WINVEGASPLUS;www.winvegasplus-favor.com;24/08/2023
VEGASPLUS / WINVEGASPLUS;winvegasgo.com;24/08/2023
VEGASPLUS / WINVEGASPLUS;www.winvegasgo.com;24/08/2023
VEGASPLUS / WINVEGASPLUS;winvegasplus-enter.com;24/08/2023
VEGASPLUS / WINVEGASPLUS;www.winvegasplus-enter.com;24/08/2023
VEGASPLUS / WINVEGASPLUS;vegaslike.live;24/08/2023
VEGASPLUS / WINVEGASPLUS;www.vegaslike.live;24/08/2023
VEGASPLUS / WINVEGASPLUS;vegasrun.live;24/08/2023
VEGASPLUS / WINVEGASPLUS;www.vegasrun.live;24/08/2023
VEGASPLUS / WINVEGASPLUS;win-vegas-plus.fr;24/08/2023
VEGASPLUS / WINVEGASPLUS;www.win-vegas-plus.fr;24/08/2023
UNIQUE / WINUNIQUE;win-unique-casino-en-ligne.com;24/08/2023
UNIQUE / WINUNIQUE;www.win-unique-casino-en-ligne.com;24/08/2023
UNIQUE / WINUNIQUE;winuniquecasino-bell.com;24/08/2023
UNIQUE / WINUNIQUE;www.winuniquecasino-bell.com;24/08/2023
UNIQUE / WINUNIQUE;winuniquecasino-open.com;24/08/2023
UNIQUE / WINUNIQUE;www.winuniquecasino-open.com;24/08/2023
UNIQUE / WINUNIQUE;winuniquecasino-side.com;24/08/2023
UNIQUE / WINUNIQUE;www.winuniquecasino-side.com;24/08/2023
UNIQUE / WINUNIQUE;winuniquecasino-ring.com;24/08/2023
UNIQUE / WINUNIQUE;www.winuniquecasino-ring.com;24/08/2023
UNIQUE / WINUNIQUE;casinounique.fr;24/08/2023
UNIQUE / WINUNIQUE;www.casinounique.fr;24/08/2023
UNIQUE / WINUNIQUE;win-unique-casino.fr;24/08/2023
UNIQUE / WINUNIQUE;www.win-unique-casino.fr;24/08/2023
CASINOEXTRA;casinoextrajackpot.com;24/08/2023
CASINOEXTRA;www.casinoextrajackpot.com;24/08/2023
SOSCASINO;sos-casino.com;24/08/2023
SOSCASINO;www.sos-casino.com;24/08/2023
MEGAJACKPOT;lejackpot10.com;24/08/2023
MEGAJACKPOT;www.lejackpot10.com;24/08/2023
LEROIJOHNNY;leroijohnny.me;24/08/2023
LEROIJOHNNY;www.leroijohnny.me;24/08/2023
MACHANCE / WINMACHANCE;winmachancecasino-move.com;24/08/2023
MACHANCE / WINMACHANCE;www.winmachancecasino-move.com;24/08/2023
MACHANCE / WINMACHANCE;winmachancecasino-bell.com;24/08/2023
MACHANCE / WINMACHANCE;www.winmachancecasino-bell.com;24/08/2023
MACHANCE / WINMACHANCE;machancecasino.win;24/08/2023
MACHANCE / WINMACHANCE;www.machancecasino.win;24/08/2023
MACHANCE / WINMACHANCE;machance-gold.com;24/08/2023
MACHANCE / WINMACHANCE;www.machance-gold.com;24/08/2023
MACHANCE / WINMACHANCE;winmachancecasino-grant.com;24/08/2023
MACHANCE / WINMACHANCE;www.winmachancecasino-grant.com;24/08/2023
MACHANCE / WINMACHANCE;machance-play.com;24/08/2023
MACHANCE / WINMACHANCE;www.machance-play.com;24/08/2023
KINGSCHANCE;superkingschance.com;24/08/2023
KINGSCHANCE;www.superkingschance.com;24/08/2023
DUBLINBET;dublinbet123.com;24/08/2023
DUBLINBET;www.dublinbet123.com;24/08/2023
DUBLINBET;dublinbet2.com;24/08/2023
DUBLINBET;www.dublinbet2.com;24/08/2023
CASINOINTENSE;casino-intense.fr;24/08/2023
CASINOINTENSE;www.casino-intense.fr;24/08/2023
CASINOINTENSE;casinointense-day.com;24/08/2023
CASINOINTENSE;www.casinointense-day.com;24/08/2023
CASINOINTENSE;casinointense-enter.com;24/08/2023
CASINOINTENSE;wwwcasinointense-enter.com;24/08/2023
CASINOINTENSE;casinointense-favor.com;24/08/2023
CASINOINTENSE;www.casinointense-favor.com;24/08/2023
CASINOINTENSE;casinointense-wild.com;24/08/2023
CASINOINTENSE;www.casinointense-wild.com;24/08/2023
CASINOINTENSE;casinointense-time.com;24/08/2023
CASINOINTENSE;www.casinointense-time.com;24/08/2023
CASINOINTENSE;casinointense-point.com;24/08/2023
CASINOINTENSE;www.casinointense-point.com;24/08/2023
CASINOINTENSE;casinointense-like.com;24/08/2023
CASINOINTENSE;www.casinointense-like.com;24/08/2023
CASINOINTENSE;casinointense-original.com;24/08/2023
CASINOINTENSE;www.casinointense-original.com;24/08/2023
CASINOINTENSE;casinointense-club.com;24/08/2023
CASINOINTENSE;www.casinointense-club.com;24/08/2023
CASINOINTENSE;playintense.com;24/08/2023
CASINOINTENSE;www.playintense.com;24/08/2023
CASINOENFRANCE;casinoenfrance.fr;24/08/2023
CASINOENFRANCE;www.casinoenfrance.fr;24/08/2023
LESMEILLEURSCASINOS;lesmeilleurscasinos.online;24/08/2023
LESMEILLEURSCASINOS;www.lesmeilleurscasinos.online;24/08/2023
ROULETTE77;1.roulette77france.com;24/08/2023
YONIBET;yonibet3.com;24/08/2023
YONIBET;www.yonibet3.com;24/08/2023
YONIBET;yonibet.eu;24/08/2023
YONIBET;www.yonibet.eu;24/08/2023
MACHANCE / WINMACHANCE;winmachancecasino-profit.com;02/10/2023
MACHANCE / WINMACHANCE;www.winmachancecasino-profit.com;02/10/2023
MACHANCE / WINMACHANCE;winmachancecasino-only.com;02/10/2023
MACHANCE / WINMACHANCE;www.winmachancecasino-only.com;02/10/2023
MACHANCE / WINMACHANCE;winmachancecasino-round.com;02/10/2023
MACHANCE / WINMACHANCE;www.winmachancecasino-round.com;02/10/2023
MACHANCE / WINMACHANCE;winmachancecasino-deal.com;02/10/2023
MACHANCE / WINMACHANCE;www.winmachancecasino-deal.com;02/10/2023
MACHANCE / WINMACHANCE;winmachancecasino-visit.com;02/10/2023
MACHANCE / WINMACHANCE;www.winmachancecasino-visit.com;02/10/2023
MACHANCE / WINMACHANCE;winmachance-casino.com;02/10/2023
MACHANCE / WINMACHANCE;www.winmachance-casino.com;02/10/2023
VEGASPLUS / WINVEGASPLUS;winvegasplus-ace.com;02/10/2023
VEGASPLUS / WINVEGASPLUS;www.winvegasplus-ace.com;02/10/2023
VEGASPLUS / WINVEGASPLUS;winvegasplus-bell.com;02/10/2023
VEGASPLUS / WINVEGASPLUS;www.winvegasplus-bell.com;02/10/2023
VEGASPLUS / WINVEGASPLUS;winvegasplus-side.com;02/10/2023
VEGASPLUS / WINVEGASPLUS;www.winvegasplus-side.com;02/10/2023
VEGASPLUS / WINVEGASPLUS;vegasplus.club;02/10/2023
VEGASPLUS / WINVEGASPLUS;www.vegasplus.club;02/10/2023
VEGASPLUS / WINVEGASPLUS;vegasup.live;02/10/2023
VEGASPLUS / WINVEGASPLUS;www.vegasup.live;02/10/2023
CASINOINTENSE;casinointense-go.com;28/09/2023
CASINOINTENSE;www.casinointense-go.com;28/09/2023
CASINOINTENSE;casinointense-one.com;28/09/2023
CASINOINTENSE;www.casinointense-one.com;28/09/2023
CASINOINTENSE;casinointense-action.com;28/09/2023
CASINOINTENSE;www.casinointense-action.com;28/09/2023
CASINOINTENSE;casinointense-advance.com;28/09/2023
CASINOINTENSE;www.casinointense-advance.com;28/09/2023
CASINOINTENSE;casinointense-bell.com;28/09/2023
CASINOINTENSE;www.casinointense-bell.com;28/09/2023
CASINOINTENSE;casinointense-exclusive.com;28/09/2023
CASINOINTENSE;www.casinointense-exclusive.com;28/09/2023
CASINOINTENSE;casinointense-grant.com;28/09/2023
CASINOINTENSE;www.casinointense-grant.com;28/09/2023
CASINOINTENSE;casinointense-ring.com;28/09/2023
CASINOINTENSE;www.casinointense-ring.com;28/09/2023
UNIQUE / WINUNIQUE;winuniquecasino-yes.com;02/10/2023
UNIQUE / WINUNIQUE;www.winuniquecasino-yes.com;02/10/2023
UNIQUE / WINUNIQUE;winuniquecasino-day.com;02/10/2023
UNIQUE / WINUNIQUE;www.winuniquecasino-day.com;02/10/2023
UNIQUE / WINUNIQUE;winuniquecasino-award.com;02/10/2023
UNIQUE / WINUNIQUE;www.winuniquecasino-award.com;02/10/2023
UNIQUE / WINUNIQUE;winuniquecasino-deluxe.com;02/10/2023
UNIQUE / WINUNIQUE;www.winuniquecasino-deluxe.com;02/10/2023
UNIQUE / WINUNIQUE;winuniquecasino-emp.com;02/10/2023
UNIQUE / WINUNIQUE;www.winuniquecasino-emp.com;02/10/2023
UNIQUE / WINUNIQUE;winuniquecasino-profit.com;02/10/2023
UNIQUE / WINUNIQUE;www.winuniquecasino-profit.com;02/10/2023
UNIQUE / WINUNIQUE;winuniquecasino-round.com;02/10/2023
UNIQUE / WINUNIQUE;www.winuniquecasino-round.com;02/10/2023
UNIQUE / WINUNIQUE;winuniqueme.com;02/10/2023
UNIQUE / WINUNIQUE;www.winuniqueme.com;02/10/2023
UNIQUE / WINUNIQUE;winuniqueyou.com;02/10/2023
UNIQUE / WINUNIQUE;www.winuniqueyou.com;02/10/2023
UNIQUE / WINUNIQUE;uniquedo.live;02/10/2023
UNIQUE / WINUNIQUE;www.uniquedo.live;02/10/2023
UNIQUE / WINUNIQUE;ucjackpotlp.com;02/10/2023
UNIQUE / WINUNIQUE;www.ucjackpotlp.com;02/10/2023
CASINOJOKA;casino-joka.net;18/10/2023
CASINOJOKA;www.casino-joka.net;18/10/2023
HORUSCASINO;horuscasino.com;18/10/2023
HORUSCASINO;www.horuscasino.com;18/10/2023
HORUSCASINO;horuscasino1.com;18/10/2023
HORUSCASINO;www.horuscasino1.com;18/10/2023
HORUSCASINO;horuscasino2.com;18/10/2023
HORUSCASINO;www.horuscasino2.com;18/10/2023
HORUSCASINO;horuscasino3.com;18/10/2023
HORUSCASINO;www.horuscasino3.com;18/10/2023
HORUSCASINO;horus-casino.com;18/10/2023
HORUSCASINO;www.horus-casino.com;18/10/2023
SMARTCASINOGUIDE;smartcasinoguide.com;18/10/2023
SMARTCASINOGUIDE;www.smartcasinoguide.com;18/10/2023
PINSINO;pinsino.com;18/10/2023
PINSINO;www.pinsino.com;18/10/2023
HAZCASINO;hazcasino.com;18/10/2023
HAZCASINO;www.hazcasino.com;18/10/2023
HAZCASINO;hazcasino1.com;18/10/2023
HAZCASINO;www.hazcasino1.com;18/10/2023
HAZCASINO;hazcasino2.com;18/10/2023
HAZCASINO;www.hazcasino2.com;18/10/2023
CASINOZER;casinozer.be;18/10/2023
CASINOZER;www.casinozer.be;18/10/2023
DATSLOTS;datslots.com;18/10/2023
DATSLOTS;www.dtaslots.com;18/10/2023
DEPOSITWIN;depositwin.com;18/10/2023
DEPOSITWIN;www.depositwin.com;18/10/2023
TOPONLINEJUEGOS;toponlinejuegos.com;09/10/2023
TOPONLINEJUEGOS;www.toponlinejuegos.com;09/10/2023
CASINOENFRANCE;casinoenfrance.net;09/10/2023
CASINOENFRANCE;www.casinoenfrance.net;09/10/2023
CASINOFRANCE10;casinofrance10.com;09/10/2023
CASINOFRANCE10;www.casinofrance10.com;09/10/2023
CASINOFRANCE10;casinofrance10.net;09/10/2023
CASINOFRANCE10;www.casinofrance10.net;09/10/2023
JEUXDECASINO ;jeux-de-casino.net;09/10/2023
JEUXDECASINO ;www.jeux-de-casino.net;09/10/2023
FRANCECASINO;francecasino8.com;18/10/2023
FRANCECASINO;www.francecasino8.com;18/10/2023
PARISCASINO;pariscasino11.com;18/10/2023
PARISCASINO;www.pariscasino11.com;18/10/2023
FATBOSS;fatbossmore.com;18/10/2023
FATBOSS;www.fatbossmore.com;18/10/2023
FATBOSS;fatbosswin-casino.com;18/10/2023
FATBOSS;www.fatbosswin-casino.com;18/10/2023
FATBOSS;fatboss.online;18/10/2023
FATBOSS;www.fatboss.online;18/10/2023
LUCKYTREASURE;luckytreasureweb.com;18/10/2023
LUCKYTREASURE;www.luckytreasureweb.com;18/10/2023
LUCKYTREASURE;luckytreasureslots.com;18/10/2023
LUCKYTREASURE;www.luckytreasureslots.com;18/10/2023
LUCKYTREASURE;luckytreasurecampaing.com;18/10/2023
LUCKYTREASURE;www.luckytreasurecampaing.com;18/10/2023
CASINOSPOT;fr-casinospot.com;18/10/2023
CASINOSPOT;www.fr-casinospot.com;18/10/2023
MYEMPIRE;myempire.fr;18/10/2023
MYEMPIRE;www.myempire.fr;18/10/2023
MYEMPIRE;myempirecasino.com;18/10/2023
MYEMPIRE;www.myempirecasino.com;18/10/2023
MYEMPIRE;myempire1.fr;18/10/2023
MYEMPIRE;www.myempire1.fr;18/10/2023
CLOUDBET;cloudbet.com;16/11/2023
CLOUDBET;www.cloudbet.com;16/11/2023
CLOUDBET;cloudbet-casino.com;16/11/2023
CLOUDBET;www.cloudbet-casino.com;16/11/2023
FLAMINGCASINO;flamingcasino.com;16/11/2023
FLAMINGCASINO;www.flamingcasino.com;16/11/2023
PLEEEASECASINO;pleeease-casino.com;14/11/2023
PLEEEASECASINO;www.pleeease-casino.com;14/11/2023
DUELBITS;duelbits.com;30/11/2023
DUELBITS;www.duelbits.com;30/11/2023
DUELBITS;help.duelbits.com;30/11/2023
DUELBITS;duelbits.fr;30/11/2023
DUELBITS;www.duelbits.fr;30/11/2023
DUELBITS;news.duelbits.com;30/11/2023
CASINOFIZ;casinofiz.com;14/11/2023
CASINOFIZ;casinofiz.co ;14/11/2023
CASINOFIZ;www.casinofiz.co ;14/11/2023
CASINOFIZ;casinofizlive.com;14/11/2023
CASINOFIZ;www.casinofizlive.com;14/11/2023
CASINOFIZ;fizslot.net;14/11/2023
CASINOFIZ;www.fizslot.net;14/11/2023
CASINOFIZ;m.casinofizlive.co;14/11/2023
CASINOFIZ;m.casinofiz.com;14/11/2023
MR SLOTY;mrslotyapi.com;14/11/2023
MR SLOTY;www.mrslotyapi.com;14/11/2023
BRUNOCASINO;brunocasino.com;14/11/2023
BRUNOCASINO;www.brunocasino.com;14/11/2023
CASINO INSURE;gamblingking.fr;14/11/2023
CASINO INSURE;www.gamblingking.fr;14/11/2023
CASINO INSURE;gamblingking.net;14/11/2023
CASINO INSURE;www.gamblingking.net;14/11/2023
CASINOEXTRA;casinoextrabonanza.com;14/11/2023
CASINOEXTRA;www.casinoextrabonanza.com;14/11/2023
ATLANTISSLOTS;atlantisslots-win.com;14/11/2023
ATLANTISSLOTS;www.atlantisslots-win.com;14/11/2023
ATLANTISSLOTS;atlantisslots.com;14/11/2023
ATLANTISSLOTS;www.atlantisslots.com;14/11/2023
ATLANTISSLOTS;atlantisslots-play.com;14/11/2023
ATLANTISSLOTS;www.atlantisslots-play.com;14/11/2023
ATLANTISSLOTS;atlantisslots-luck.com;14/11/2023
ATLANTISSLOTS;www.atlantisslots-luck.com;14/11/2023
ATLANTISSLOTS;atlantisslots-game.com;14/11/2023
ATLANTISSLOTS;www.atlantisslots-game.com;14/11/2023
ATLANTISSLOTS;atlantislsots1.com;14/11/2023
ATLANTISSLOTS;www.atlantislsots1.com;14/11/2023
VEGASPLUS / WINVEGASPLUS;winvegasplus-round.com;14/11/2023
VEGASPLUS / WINVEGASPLUS;www.winvegasplus-round.com;14/11/2023
VEGASPLUS / WINVEGASPLUS;winvegasplus-yes.com;14/11/2023
VEGASPLUS / WINVEGASPLUS;www.winvegasplus-yes.com;14/11/2023
VEGASPLUS / WINVEGASPLUS;winvegasplus-sure.com;14/11/2023
VEGASPLUS / WINVEGASPLUS;www.winvegasplus-sure.com;14/11/2023
VEGASPLUS / WINVEGASPLUS;winvegasplus-deal.com;14/11/2023
VEGASPLUS / WINVEGASPLUS;www.winvegasplus-deal.com;14/11/2023
VEGASPLUS / WINVEGASPLUS;winvegasplus-profit.com;14/11/2023
VEGASPLUS / WINVEGASPLUS;www.winvegasplus-profit.com;14/11/2023
VEGASPLUS / WINVEGASPLUS;vegas-plus.info;14/11/2023
VEGASPLUS / WINVEGASPLUS;www.vegas-plus.info;14/11/2023
VEGASPLUS / WINVEGASPLUS;win-vegas-plus-casino.com;14/11/2023
VEGASPLUS / WINVEGASPLUS;www.win-vegas-plus-casino.com;14/11/2023
MACHANCE / WINMACHANCE;win-machance-casino.com;30/11/2023
MACHANCE / WINMACHANCE;www.win-machance-casino.com;30/11/2023
MACHANCE / WINMACHANCE;winmachancecasino-act.com;30/11/2023
MACHANCE / WINMACHANCE;www.winmachancecasino-act.com;30/11/2023
MACHANCE / WINMACHANCE;winmachancecasino-award.com;30/11/2023
MACHANCE / WINMACHANCE;www.winmachancecasino-award.com;30/11/2023
MACHANCE / WINMACHANCE;winmachancecasino-games.com;30/11/2023
MACHANCE / WINMACHANCE;www.winmachancecasino-games.com;30/11/2023
MACHANCE / WINMACHANCE;winmachance-games.com;30/11/2023
MACHANCE / WINMACHANCE;www.winmachance-games.com;30/11/2023
MACHANCE / WINMACHANCE;machance-games.com;30/11/2023
MACHANCE / WINMACHANCE;www.machance-games.com;30/11/2023
MACHANCE / WINMACHANCE;win-machance-casino-fr.net;30/11/2023
MACHANCE / WINMACHANCE;www.win-machance-casino-fr.net;30/11/2023
MACHANCE / WINMACHANCE;ma-chance.casino;30/11/2023
MACHANCE / WINMACHANCE;www.ma-chance.casino;30/11/2023
MACHANCE / WINMACHANCE;machancecasino.top;30/11/2023
MACHANCE / WINMACHANCE;www.machancecasino.top;30/11/2023
MACHANCE / WINMACHANCE;winmachancecasino-ext.com;30/11/2023
MACHANCE / WINMACHANCE;www.winmachancecasino-ext.com;30/11/2023
MACHANCE / WINMACHANCE;winmachancecasino-plus.com;30/11/2023
MACHANCE / WINMACHANCE;www.winmachancecasino-plus.com;30/11/2023
UNIQUE / WINUNIQUE;winuniquecasino-enter.com;30/11/2023
UNIQUE / WINUNIQUE;www.winuniquecasino-enter.com;30/11/2023
UNIQUE / WINUNIQUE;winuniquecasino-ext.com;30/11/2023
UNIQUE / WINUNIQUE;www.winuniquecasino-ext.com;30/11/2023
UNIQUE / WINUNIQUE;winuniquecasino-favor.com;30/11/2023
UNIQUE / WINUNIQUE;www.winuniquecasino-favor.com;30/11/2023
UNIQUE / WINUNIQUE;winuniquecasino-sure.com;30/11/2023
UNIQUE / WINUNIQUE;www.winuniquecasino-sure.com;30/11/2023
UNIQUE / WINUNIQUE;uniquecasino5.com;30/11/2023
UNIQUE / WINUNIQUE;www.uniquecasino5.com;30/11/2023
UNIQUE / WINUNIQUE;winuniquecasino-visit.com;30/11/2023
UNIQUE / WINUNIQUE;www.winuniquecasino-visit.com;30/11/2023
CASINOSENLIGNEAVIS;casinosenligneavis.fr;30/11/2023
CASINOSENLIGNEAVIS;www.casinosenligneavis.fr;30/11/2023
MOICASINO;www.moicasino1.com;14/11/2023
MOICASINO;moicaisno1.com;14/11/2023
MOICASINO;www.moicasino.com;14/11/2023
MOICASINO;moicasino.com;14/11/2023
MOICASINO;www.moicasino.fr;14/11/2023
MOICASINO;moicasino.fr;14/11/2023
MOICASINO;www.moicasino.co;14/11/2023
MOICASINO;moicasino.co;14/11/2023
ROYAALCASINO;www.royaalcasino.com;30/11/2023
ROYAALCASINO;royaalcasino.com;30/11/2023
X1CASINO;x1casino.com;30/11/2023
X1CASINO;www.x1casino.com;30/11/2023
X1CASINO;x1casino.fr;30/11/2023
X1CASINO;www.x1casino.fr;30/11/2023
YONIBET;yonibet1.eu;14/11/2023
YONIBET;www.yonibet1.eu;14/11/2023
YONIBET;yonibet2.eu;14/11/2023
YONIBET;www.yonibet2.eu;14/11/2023
FRESHBET;freshbetreview.com;15/12/2023
FRESHBET;www.freshbetreview.com;15/12/2023
FRESHBET;freshbet.me;15/12/2023
FRESHBET;www.freshbet.me;15/12/2023
FRESHBET;fresh-bet.fr;15/12/2023
FRESHBET;www.fresh-bet.fr;15/12/2023
CASINOZER;casinozer.bet;15/12/2023
CASINOZER;www.casinozer.bet;15/12/2023
PARIPEDIA;paripedia.com;15/12/2023
PARIPEDIA;www.paripedia.com;15/12/2023
MEGAJACKPOT;lejackpot11.com;15/12/2023
MEGAJACKPOT;www.lejackpot11.com;15/12/2023
CASINOJOKA;casinojokaclub.co;15/12/2023
CASINOJOKA;www.casinojokaclub.co;15/12/2023
CASINOJOKA;casino-joka.fr;15/12/2023
CASINOJOKA;www.casino-joka.fr;15/12/2023
CASINOINTENSE;casinointense-loft.com;15/12/2023
CASINOINTENSE;www.casinointense-loft.com;15/12/2023
CASINOINTENSE;casinointense-luck.com;15/12/2023
CASINOINTENSE;www.casinointense-luck.com;15/12/2023
CASINOINTENSE;casinointense-master.com;15/12/2023
CASINOINTENSE;www.casinointense-master.com;15/12/2023
CASINOINTENSE;casinointense-place.com;15/12/2023
CASINOINTENSE;www.casinointense-place.com;15/12/2023
CASINOINTENSE;casinointense-play.com;15/12/2023
CASINOINTENSE;www.casinointense-play.com;15/12/2023
CASINOINTENSE;casinointense-pro.com;15/12/2023
CASINOINTENSE;www.casinointense-pro.com;15/12/2023
CASINOINTENSE;casinointense-reward.com;15/12/2023
CASINOINTENSE;www.casinointense-reward.com;15/12/2023
CASINOINTENSE;casinointense-star.com;15/12/2023
CASINOINTENSE;www.casinointense-star.com;15/12/2023
CASINOINTENSE;casinointense-top.com;15/12/2023
CASINOINTENSE;www.casinointense-top.com;15/12/2023
MILLIONZ;millionz.online;15/12/2023
MILLIONZ;www.millionz.online;15/12/2023
MILLIONZ;millionz.com;15/12/2023
MILLIONZ;www.millionz.com;15/12/2023
TRADITION CASINO;casino-tradition.com;15/12/2023
TRADITION CASINO;www.casino-tradition.com;15/12/2023
TRADITION CASINO;traditioncasinolive.com;15/12/2023
TRADITION CASINO;www.traditioncasinolive.com;15/12/2023
TRADITION CASINO;m.traditioncasinolive.com;15/12/2023
EXPO-NAPOLEON;expo-napoleon.fr;15/12/2023
EXPO-NAPOLEON;www.expo-napoleon.fr;15/12/2023
BLUVEGAS;bluvegas.com;15/12/2023
BLUVEGAS;www.bluvegas.com;15/12/2023
LIVEBET;livebet.com;15/12/2023
LIVEBET;www.livebet.com;15/12/2023
LIVEBET;live-bet.com;15/12/2023
LIVEBET;www.live-bet.com;15/12/2023
LEROIJOHNNY;leroijohnny.online;15/12/2023
LEROIJOHNNY;www.leroijohnny.online;15/12/2023
KABOOMBET;kaboombet.casino;15/12/2023
KABOOMBET;www.kaboombet.casino;15/12/2023
BETS;bets.io;20/12/2023
BETS;www.bets.io;20/12/2023
LEONBET;leonbets.com;15/12/2023
LEONBET;www.leonbets.com;15/12/2023
LEONBET;leon.casino;15/12/2023
LEONBET;www.leon.casino;15/12/2023
LEONBET;leon1.casino;15/12/2023
LEONBET;www.leon1.casino;15/12/2023
LEONBET;leon3.casino;15/12/2023
LEONBET;www.leon3.casino;15/12/2023
LEONBET;leon4.casino;15/12/2023
LEONBET;www.leon4.casino;15/12/2023
LEONBET;leon5.casino;15/12/2023
LEONBET;www.leon5.casino;15/12/2023
LEONBET;leon6.casino;15/12/2023
LEONBET;www.leon6.casino;15/12/2023
LEONBET;leon7.casino;15/12/2023
LEONBET;www.leon7.casino;15/12/2023
LEONBET;leon8.casino;15/12/2023
LEONBET;www.leon8.casino;15/12/2023
LEONBET;leon9.casino;15/12/2023
LEONBET;www.leon9.casino;15/12/2023
LEONBET;leon.bet;15/12/2023
LEONBET;www.leon.bet;15/12/2023
LEONBET;leonbets.net;15/12/2023
LEONBET;www.leonbets.net;15/12/2023
LEONBET;leon338.bet;15/12/2023
LEONBET;www.leon338.bet;15/12/2023
LEONBET;leon11.bet;15/12/2023
LEONBET;www.leon11.bet;15/12/2023
LEONBET;leon14.bet;15/12/2023
LEONBET;www.leon14.bet;15/12/2023
LEONBET;leon15.bet;15/12/2023
LEONBET;www.leon15.bet;15/12/2023
LEONBET;leon16.bet;15/12/2023
LEONBET;www.leon16.bet;15/12/2023
LEONBET;leon17.bet;15/12/2023
LEONBET;www.leon17.bet;15/12/2023
LEONBET;leon18.bet;15/12/2023
LEONBET;www.leon18.bet;15/12/2023
LEONBET;leon20.bet;15/12/2023
LEONBET;www.leon20.bet;15/12/2023
LEONBET;leon24.bet;15/12/2023
LEONBET;www.leon24.bet;15/12/2023
LEONBET;leon31.bet;15/12/2023
LEONBET;www.leon31.bet;15/12/2023
LEONBET;leon32.bet;15/12/2023
LEONBET;www.leon32.bet;15/12/2023
LEONBET;leon41.bet;15/12/2023
LEONBET;www.leon41.bet;15/12/2023
LEONBET;leon46.bet;15/12/2023
LEONBET;www.leon46.bet;15/12/2023
LEONBET;leonbet.in;15/12/2023
LEONBET;www.leonbet.in;15/12/2023
LEONBET;leonbets1.in;15/12/2023
LEONBET;www.leonbets1.in;15/12/2023
CASINOGURU;casino.guru;20/12/2023
CASINOGURU;www.casino.guru;20/12/2023
CASINOEXTRA;casinoextradealer.com;20/12/2023
CASINOEXTRA;www.casinoextradealer.com;20/12/2023
CASINOSANALYZER;casinosanalyzer.ca;20/12/2023
CASINOSANALYZER;www.casinosanalyzer.ca;20/12/2023
FACEBOOK (CASINO BARRIERE);casino-barriere-fr.play.search.com;20/12/2023
FACEBOOK (CASINO JOA);casino-joa.install-app.com;20/12/2023
DUBLINBET;dublinbetbonanza.com;20/12/2023
DUBLINBET;www.dublinbetbonanza.com;20/12/2023
DUBLINBET;dublinbet4.fr;20/12/2023
DUBLINBET;www.dublinbet4.fr;20/12/2023
ONLINECASINOGROUPS;onlinecasinogroups.com;20/12/2023
ONLINECASINOGROUPS;www.onlinecasinogroups.com;20/12/2023
VEGASPLUS / WINVEGASPLUS;win-vegas-plus.com;20/12/2023
VEGASPLUS / WINVEGASPLUS;www.win-vegas-plus.com;20/12/2023
VEGASPLUS / WINVEGASPLUS;vegasplusbonus.com;20/12/2023
VEGASPLUS / WINVEGASPLUS;www.vegasplusbonus.com;20/12/2023
TURBOLUCK;turboluck.com;20/12/2023
TURBOLUCK;www.turboluck.com;20/12/2023
SCHPELL;schpell.com;20/12/2023
SCHPELL;www.schpell.com;20/12/2023
CASINO.HELP;casino.help;18/01/2024
CASINO.HELP;www.casino.help;18/01/2024
METHODE-ASTUCE-ROULETTE;methode-astuce-roulette.com;18/01/2024
METHODE-ASTUCE-ROULETTE;www.methode-astuce-roulette.com;18/01/2024
CASHIMASHI;cashimashi.com;18/01/2024
CASHIMASHI;www.cashimashi.com;18/01/2024
UNIQUE / WINUNIQUE;winuniquecasino-must.com;18/01/2024
UNIQUE / WINUNIQUE;www.winuniquecasino-must.com;18/01/2024
UNIQUE / WINUNIQUE;winuniquecasino-net.com;18/01/2024
UNIQUE / WINUNIQUE;www.winuniquecasino-net.com;18/01/2024
UNIQUE / WINUNIQUE;winuniquecasino-look.com;18/01/2024
UNIQUE / WINUNIQUE;www.winuniquecasino-look.com;18/01/2024
UNIQUE / WINUNIQUE;winuniquecasino-share.com;18/01/2024
UNIQUE / WINUNIQUE;www.winuniquecasino-share.com;18/01/2024
UNIQUE / WINUNIQUE;le-titan.com;18/01/2024
UNIQUE / WINUNIQUE;www.le-titan.com;18/01/2024
UNIQUE / WINUNIQUE;win-unique-casino-en-ligne.site;18/01/2024
UNIQUE / WINUNIQUE;www.win-unique-casino-en-ligne.site;18/01/2024
LUCKY31;lucky-31.com;18/01/2024
LUCKY31;www.lucky-31.com;18/01/2024
LUCKY31;lucky31.net;18/01/2024
LUCKY31;www.lucky31.net;18/01/2024
LUCKY31;lucky31casino.net;18/01/2024
LUCKY31;www.lucky31casino.net;18/01/2024
LUCKY31;lucky31.online;18/01/2024
LUCKY31;www.lucky31.online;18/01/2024
CASINOENLIGNECRITIQUE.ORG;casinoenlignecritique.org;18/01/2024
CASINOENLIGNECRITIQUE.ORG;www.casinoenlignecritique.org;18/01/2024
MRXBET;mrxbet.com;18/01/2024
MRXBET;www.mrxbet.com;18/01/2024
MRXBET;mrxbet.net;18/01/2024
MRXBET;www.mrxbet.net;18/01/2024
MRXBET;mrxbet.org;18/01/2024
MRXBET;www.mrxbet.org;18/01/2024
CASINOFIZ;fizslot.com;01/02/2024
CASINOFIZ;www.fizslot.com;01/02/2024
CASINOFIZ;m.casinofizlive.com;01/02/2024
CASINOZER;casinozer.co;01/02/2024
CASINOZER;www.casinozer.co;01/02/2024
CASINOZER;cazinozer.fr;01/02/2024
CASINOZER;www.cazinozer.fr;01/02/2024
MACHANCE / WINMACHANCE;winmachancecasino-page.com;26/01/2024
MACHANCE / WINMACHANCE;www.winmachancecasino-page.com;26/01/2024
MACHANCE / WINMACHANCE;winmachancecasino-net.com;26/01/2024
MACHANCE / WINMACHANCE;www.winmachancecasino-net.com;26/01/2024
MACHANCE / WINMACHANCE;winmachancecasino-must.com;26/01/2024
MACHANCE / WINMACHANCE;www.winmachancecasino-must.com;26/01/2024
MACHANCE / WINMACHANCE;winmachancecasino-light.com;26/01/2024
MACHANCE / WINMACHANCE;www.winmachancecasino-light.com;26/01/2024
MACHANCE / WINMACHANCE;winmachancecasino-share.com;26/01/2024
MACHANCE / WINMACHANCE;www.winmachancecasino-share.com;26/01/2024
MACHANCE / WINMACHANCE;winmachancecasino-look.com;26/01/2024
MACHANCE / WINMACHANCE;www.winmachancecasino-look.com;26/01/2024
MACHANCE / WINMACHANCE;winmachancecasino-host.com;26/01/2024
MACHANCE / WINMACHANCE;www.winmachancecasino-host.com;26/01/2024
MACHANCE / WINMACHANCE;machance365.com;26/01/2024
MACHANCE / WINMACHANCE;www.machance365.com;26/01/2024
MACHANCE / WINMACHANCE;machanceluck.live;26/01/2024
MACHANCE / WINMACHANCE;www.machanceluck.live;26/01/2024
MACHANCE / WINMACHANCE;machanceup.live;26/01/2024
MACHANCE / WINMACHANCE;www.machanceup.live;26/01/2024
MACHANCE / WINMACHANCE;machancebonus.com;26/01/2024
MACHANCE / WINMACHANCE;www.machancebonus.com;26/01/2024
MACHANCE / WINMACHANCE;machanceget.live;26/01/2024
MACHANCE / WINMACHANCE;www.machanceget.live;26/01/2024
MACHANCE / WINMACHANCE;fraichy.com;26/01/2024
MACHANCE / WINMACHANCE;www.fraichy.com;26/01/2024
MR-GAMBLE;mr-gamble.com;26/01/2024
MR-GAMBLE;www.mr-gamble.com;26/01/2024
PLAYREGAL;playregal.com;01/02/2024
PLAYREGAL;www.playregal.com;01/02/2024
PLAYREGAL;playregal.net;01/02/2024
PLAYREGAL;www.playregal.net;01/02/2024
PLAYREGAL;playregal-light.com;01/02/2024
PLAYREGAL;www.playregal-light.com;01/02/2024
PLAYREGAL;play-regal-casino.site;01/02/2024
PLAYREGAL;www.play-regal-casino.site;01/02/2024
PLAYREGAL;play-regal.com;01/02/2024
PLAYREGAL;www.play-regal.com;01/02/2024
PLAYREGAL;playregalcasino.net;01/02/2024
PLAYREGAL;www.playregalcasino.net;01/02/2024
PLAYREGAL;playregalcasino.com;01/02/2024
PLAYREGAL;www.playregalcasino.com;01/02/2024
PLAYREGAL;playregal.info;01/02/2024
PLAYREGAL;www.playregal.info;01/02/2024
PLAYREGAL;regalup.live;01/02/2024
PLAYREGAL;www.regalup.live;01/02/2024
PLAYREGAL;playregal-time.com;01/02/2024
PLAYREGAL;www.playregal-time.com;01/02/2024
PLAYREGAL;playregal-all.com;01/02/2024
PLAYREGAL;www.playregal-all.com;01/02/2024
PLAYREGAL;playregal-bold.com;01/02/2024
PLAYREGAL;www.playregal-bold.com;01/02/2024
PLAYREGAL;playregal-goal.com;01/02/2024
PLAYREGAL;www.playregal-goal.com;01/02/2024
PLAYREGAL;playregal-must.com;01/02/2024
PLAYREGAL;www.playregal-must.com;01/02/2024
PLAYREGAL;playregal-base.com;01/02/2024
PLAYREGAL;www.playregal-base.com;01/02/2024
PLAYREGAL;playregal-ring.com;01/02/2024
PLAYREGAL;www.playregal-ring.com;01/02/2024
PLAYREGAL;playregal-azure.com;01/02/2024
PLAYREGAL;www.playregal-azure.com;01/02/2024
PLAYREGAL;playregal365.com;01/02/2024
PLAYREGAL;www.playregal365.com;01/02/2024
LOLLYBET;lolly-bet.com;01/02/2024
LOLLYBET;www.lolly-bet.com;01/02/2024
LOLLYBET;lollybet.fr;01/02/2024
LOLLYBET;welcome.lolly-bet.com;01/02/2024
BLIZZ;blizz.io;26/01/2024
BLIZZ;www.blizz.io;26/01/2024
TRUSTDICE;trustdice.win;01/02/2024
TRUSTDICE;www.trustdice.win;01/02/2024
CRYPTOLEO;cryptoleo.com;26/01/2024
CRYPTOLEO;cryptoleo.eu;26/01/2024
CRYPTOLEO;cryptoleocasino1.fr;26/01/2024
CRYPTOLEO;www.cryptoleocasino1.fr;26/01/2024
CRYPTOLEO;cryptoleocasino1.com;26/01/2024
CRYPTOLEO;www.cryptoleocasino1.com;26/01/2024
CASINOINTENSE;casinointense-table.com;26/01/2024
CASINOINTENSE;www.casinointense-table.com;26/01/2024
CASINOINTENSE;casinointense-aim.com;26/01/2024
CASINOINTENSE;www.casinointense-aim.com;26/01/2024
CASINOINTENSE;casinointense-all.com;26/01/2024
CASINOINTENSE;www.casinointense-all.com;26/01/2024
CASINOINTENSE;casinointense-base.com;26/01/2024
CASINOINTENSE;www.casinointense-base.com;26/01/2024
CASINOINTENSE;casinointense-fast.com;26/01/2024
CASINOINTENSE;www.casinointense-fast.com;26/01/2024
CASINOINTENSE;casinointense-good.com;26/01/2024
CASINOINTENSE;www.casinointense-good.com;26/01/2024
CASINOINTENSE;casinointense-light.com;26/01/2024
CASINOINTENSE;www.casinointense-light.com;26/01/2024
CASINOINTENSE;casinointense-max.com;26/01/2024
CASINOINTENSE;www.casinointense-max.com;26/01/2024
CASINOINTENSE;casinointense-mix.com;26/01/2024
CASINOINTENSE;www.casinointense-mix.com;26/01/2024
CASINOINTENSE;casinointense-must.com;26/01/2024
CASINOINTENSE;www.casinointense-must.com;26/01/2024
CASINOINTENSE;casinointense-net.com;26/01/2024
CASINOINTENSE;www.casinointense-net.com;26/01/2024
CASINOINTENSE;casinointense-prem.com;26/01/2024
CASINOINTENSE;www.casinointense-prem.com;26/01/2024
CASINOINTENSE;casinointense-room.com;26/01/2024
CASINOINTENSE;www.casinointense-room.com;26/01/2024
CASINOINTENSE;casinointense-spot.com;26/01/2024
CASINOINTENSE;www.casinointense-spot.com;26/01/2024
CASINOINTENSE;casinointense-web.com;26/01/2024
CASINOINTENSE;www.casinointense-web.com;26/01/2024
NINECASINO;ninecasino.com;01/02/2024
NINECASINO;nine1casino.com;01/02/2024
NINECASINO;nine9casino.com;01/02/2024
NINECASINO;ninecasino1.com;01/02/2024
NINECASINO;ninecasino2.com;01/02/2024
NINECASINO;ninecasino3.com;01/02/2024
NINECASINO;ninecasino4.com;01/02/2024
NINECASINO;ninecasino5.com;01/02/2024
NINECASINO;ninecasino6.com;01/02/2024
NINECASINO;ninecasino7.com;01/02/2024
THECASINOWIZARD;thecasinowizard.com;01/02/2024
THECASINOWIZARD;www.thecasinowizard.com;01/02/2024
CASINOEXTRA;casinoextracasino.com;01/02/2024
CASINOEXTRA;www.casinoextracasino.com;01/02/2024
CASINOEXTRA;casinoextra-2.fr;01/02/2024
CASINOEXTRA;www.casinoextra-2.fr;01/02/2024
BLAZE;blaze-6.com;01/02/2024
WINSTLER;winstler.io;26/01/2024
WINSTLER;www.winstler.io;26/01/2024
WINSTLER;winstler.casino;26/01/2024
WINSTLER;www.winstler.casino;26/01/2024
AVISCASINO.net;aviscasino.net;07/02/2024
AVISCASINO.net;www.aviscasino.net;07/02/2024
BRUNOCASINO;brunocasino1.com;07/02/2024
DUBLINBET;dublinbetdealer.com;04/03/2024
DUBLINBET;www.dublinbetdealer.com;04/03/2024
CASINOSKY;casinosky.com;07/02/2024
CASINOSKY;www.casinosky.com;07/02/2024
VELOBET;velobet.com;04/03/2024
VELOBET;www.velobet.com;04/03/2024
VELOBET;velobet.online;04/03/2024
VELOBET;www.velobet.online;04/03/2024
VELOBET;velobet-casino.com;04/03/2024
VELOBET;www.velobet-casino.com;04/03/2024
LEONBET;leonbets.fr;29/02/2024
LEONBET;www.leonbets.fr;29/02/2024
YONIBET;yonibet.app;01/03/2024
YONIBET;www.yonibet.app;01/03/2024
LUCKY31;lucky31casino.com;29/02/2024
LUCKY31;www.lucky31casino.com;29/02/2024
VEGASPLUS / WINVEGASPLUS;winvegasplus-light.com;04/03/2024
VEGASPLUS / WINVEGASPLUS;www.winvegasplus-light.com;04/03/2024
VEGASPLUS / WINVEGASPLUS;winvegasplus-lord.com;04/03/2024
VEGASPLUS / WINVEGASPLUS;www.winvegasplus-lord.com;04/03/2024
VEGASPLUS / WINVEGASPLUS;winvegasplus-table.com;04/03/2024
VEGASPLUS / WINVEGASPLUS;www.winvegasplus-table.com;04/03/2024
VEGASPLUS / WINVEGASPLUS;winvegasplus-blend.com;04/03/2024
VEGASPLUS / WINVEGASPLUS;www.winvegasplus-blend.com;04/03/2024
VEGASPLUS / WINVEGASPLUS;winvegasplus-mix.com;04/03/2024
VEGASPLUS / WINVEGASPLUS;www.winvegasplus-mix.com;04/03/2024
VEGASPLUS / WINVEGASPLUS;winvegasplus-act.com;04/03/2024
VEGASPLUS / WINVEGASPLUS;www.winvegasplus-act.com;04/03/2024
VEGASPLUS / WINVEGASPLUS;winvegasplus-base.com;04/03/2024
VEGASPLUS / WINVEGASPLUS;www.winvegasplus-base.com;04/03/2024
VEGASPLUS / WINVEGASPLUS;winvegasplus-uk.com;04/03/2024
VEGASPLUS / WINVEGASPLUS;www.winvegasplus-uk.com;04/03/2024
FATBOSS;fatbossplay.com;04/03/2024
FATBOSS;www.fatbossplay.com;04/03/2024
FATBOSS;fatboss-fr.com;04/03/2024
FATBOSS;www.fatboss-fr.com;04/03/2024
PLEEEASECASINO;pleeease-casino.fr;04/03/2024
PLEEEASECASINO;www.pleeease-casino.fr;04/03/2024
UNIQUE / WINUNIQUE;winuniquecasino-roll.com;04/03/2024
UNIQUE / WINUNIQUE;www.winuniquecasino-roll.com;04/03/2024
UNIQUE / WINUNIQUE;winuniquecasino-table.com;04/03/2024
UNIQUE / WINUNIQUE;www.winuniquecasino-table.com;04/03/2024
UNIQUE / WINUNIQUE;winuniquecasino-all.com;04/03/2024
UNIQUE / WINUNIQUE;www.winuniquecasino-all.com;04/03/2024
UNIQUE / WINUNIQUE;winuniquecasino-hit.com;04/03/2024
UNIQUE / WINUNIQUE;www.winuniquecasino-hit.com;04/03/2024
UNIQUE / WINUNIQUE;winuniquecasino-base.com;04/03/2024
UNIQUE / WINUNIQUE;www.winuniquecasino-base.com;04/03/2024
UNIQUE / WINUNIQUE;winuniquecasino-blend.com;04/03/2024
UNIQUE / WINUNIQUE;www.winuniquecasino-blend.com;04/03/2024
UNIQUE / WINUNIQUE;win-unique-casino-en-ligne.club;04/03/2024
UNIQUE / WINUNIQUE;www.win-unique-casino-en-ligne.club;04/03/2024
UNIQUE / WINUNIQUE;uniquecasino3.com;04/03/2024
UNIQUE / WINUNIQUE;www.uniquecasino3.com;04/03/2024
UNIQUE / WINUNIQUE;win-unique-casino-3.net;04/03/2024
UNIQUE / WINUNIQUE;www.win-unique-casino-3.net;04/03/2024
CASINOJOKA;casinojokaclub.net;04/03/2024
CASINOJOKA;www.casinojokaclub.net;04/03/2024
EVOLVECASINO;evolvecasino5.com;04/03/2024
EVOLVECASINO;www.evolvecasino5.com;04/03/2024
BETIFY;betify.com;04/03/2024
BETIFY;www.betify.com;04/03/2024
BETIFY;betify.co;04/03/2024
BETIFY;www.betify.co;04/03/2024
BETIFY;betifycasino.fr;04/03/2024
BETIFY;www.betifycasino.fr;04/03/2024
BETIFY;betify1.fr;04/03/2024
BETIFY;www.betify1.fr;04/03/2024
BETIFY;betify-casino.fr;04/03/2024
BETIFY;www.betify-casino.fr;04/03/2024
BETIFY;betify-casino.com;04/03/2024
BETIFY;www.betify-casino.com;04/03/2024
BETIFY;betify.ai;04/03/2024
BETIFY;www.betify.ai;04/03/2024
SLOTSUP;fr-slotsup.com;04/03/2024
SLOTSUP;www.fr-slotsup.com;04/03/2024
MACHANCE / WINMACHANCE;winmachancecasino-orb.com;06/03/2024
MACHANCE / WINMACHANCE;www.winmachancecasino-orb.com;06/03/2024
MACHANCE / WINMACHANCE;machance.net;06/03/2024
MACHANCE / WINMACHANCE;www.machance.net;06/03/2024
MACHANCE / WINMACHANCE;winmachancecasino-table.com;06/03/2024
MACHANCE / WINMACHANCE;www.winmachancecasino-table.com;06/03/2024
MACHANCE / WINMACHANCE;machancenew.live;06/03/2024
MACHANCE / WINMACHANCE;www.machancenew.live;06/03/2024
MACHANCE / WINMACHANCE;machancetry.live;06/03/2024
MACHANCE / WINMACHANCE;www.machancetry.live;06/03/2024
MACHANCE / WINMACHANCE;win-machance.com;06/03/2024
MACHANCE / WINMACHANCE;www.win-machance.com;06/03/2024
MACHANCE / WINMACHANCE;winmachancecasino-roll.com;06/03/2024
MACHANCE / WINMACHANCE;www.winmachancecasino-roll.com;06/03/2024
MACHANCE / WINMACHANCE;winmachancecasino-sphere.com;06/03/2024
MACHANCE / WINMACHANCE;www.winmachancecasino-sphere.com;06/03/2024
NINECASINO;ninecasino.club;04/03/2024
NINECASINO;ninecasino.life;04/03/2024
NINECASINO;ninecasino777.com;04/03/2024
SOSCASINO;sos-casino.net;04/03/2024
SOSCASINO;www.sos-casino.net;04/03/2024
BETONRED;betonred.com;04/03/2024
BETONRED;www.betonred.com;04/03/2024
BETONRED;betonred11.com;04/03/2024
BETONRED;betonred12.com;04/03/2024
BETONRED;betonred13.com;04/03/2024
BETONRED;betonred14.com;04/03/2024
BETONRED;betonred15.com;04/03/2024
BETONRED;betonred16.com;04/03/2024
BETONRED;betonred17.com;04/03/2024
BETONRED;betonred21.com;04/03/2024
BETONRED;betonred22.com;04/03/2024
BETONRED;betonred23.com;04/03/2024
BETONRED;betonred24.com;04/03/2024
BETONRED;betonred25.com;04/03/2024
BETONRED;betonred26.com;04/03/2024
BETONRED;betonred27.com;04/03/2024
BETONRED;betonred31.com;04/03/2024
BETONRED;betonred32.com;04/03/2024
BETONRED;betonred33.com;04/03/2024
BETONRED;betonred34.com;04/03/2024
BETONRED;betonred35.com;04/03/2024
BETONRED;betonred36.com;04/03/2024
BETONRED;betonred37.com;04/03/2024
PLAYREGAL;playregal-spin.com;04/03/2024
PLAYREGAL;www.playregal-spin.com;04/03/2024
PLAYREGAL;playregal-big.com;04/03/2024
PLAYREGAL;www.playregal-big.com;04/03/2024
PLAYREGAL;play-regal-casino-fr.com;04/03/2024
PLAYREGAL;www.play-regal-casino-fr.com;04/03/2024
PLAYREGAL;playregallp.com;04/03/2024
PLAYREGAL;www.playregallp.com;04/03/2024
BIGWINS;bigwins1.com;04/03/2024
BIGWINS;www.bigwins1.com;04/03/2024
BLAZE;blaze-7.com;06/03/2024
BLAZE;www.blaze-7.com;06/03/2024
STEINERTRIPLES;steinertriples-sport.fr;06/03/2024
STEINERTRIPLES;www.steinertriples-sport.fr;06/03/2024
CASINOZER;casinozer.app;06/03/2024
CASINOZER;www.casinozer.app;06/03/2024
CASINOEXTRA;casinoextraonline.com;03/04/2024
CASINOEXTRA;www.casinoextraonline.com;03/04/2024
CASINOEXTRA;casinoextradealing.com;03/04/2024
CASINOEXTRA;www.casinoextradealing.com;03/04/2024
CASINOEXTRA;extra-spin.com;03/04/2024
CASINOEXTRA;www.extra-spin.com;03/04/2024
DUBLINBET;dublinbetjackpots.com;29/03/2024
DUBLINBET;www.dublinbetjackpots.com;29/03/2024
DUBLINBET;dublinbet-casino-fr.live;29/03/2024
DUBLINBET;www.dublinbet-casino-fr.live;29/03/2024
OUTLOOKINDIA;outlookindia.com;28/03/2024
OUTLOOKINDIA;www.outlookindia.com;28/03/2024
FATBOSS;fatbossjackpots.com;29/03/2024
FATBOSS;www.fatbossjackpots.com;29/03/2024
CASINO BARRIERE;apps.apple.com/us/app/r-c-barri%C3%A8re-en-ligne/id6476509930;28/03/2024
MRXBET;mrxbet5.com;28/03/2024
MRXBET;www.mrxbet5.com;28/03/2024
MRXBET;mrxbet6.com;28/03/2024
MRXBET;www.mrxbet6.com;28/03/2024
MRXBET;mrxbet7.com;28/03/2024
MRXBET;www.mrxbet7.com;28/03/2024
MRXBET;mr-xbet.com;28/03/2024
MRXBET;www.mr-xbet.com;28/03/2024
GALAXYSPINS;galaxyspins.com;28/03/2024
GALAXYSPINS;www.galaxyspins.com;28/03/2024
OWENDCORE;ownedcore.com;29/03/2024
OWENDCORE;www.ownedcore.com;29/03/2024
NINECASINO;ninecasino15.com;28/03/2024
NINECASINO;ninecasino24.com;28/03/2024
NINECASINO;ninecasino25.com;28/03/2024
NINECASINO;ninecasino42.com;28/03/2024
NINECASINO;nine2casino.com;28/03/2024
NINECASINO;nine777casino.com;28/03/2024
NINECASINO;nine-casino.bet;28/03/2024
NINECASINO;www.nine-casino.bet;28/03/2024
GITPA;gitpa.org;04/03/2024
GITPA;www.gitpa.org;04/03/2024
LOLLYBET;lolly-bet2.com;29/03/2024
LOLLYBET;www.lolly-bet2.com;29/03/2024
LOLLYBET;lolly-bet.fr;29/03/2024
LOLLYBET;www.lolly-bet.fr;29/03/2024
CASINOFIZ;m.thefizcasino.com;29/03/2024
LUCKY31;lucky31dealing.com;28/03/2024
LUCKY31;www.lucky31dealing.com;28/03/2024
CASINOINTENSE;casinointense-roll.com;28/03/2024
CASINOINTENSE;www.casinointense-roll.com;28/03/2024
CASINOINTENSE;casinointense-hit.com;28/03/2024
CASINOINTENSE;www.casinointense-hit.com;28/03/2024
CASINOINTENSE;casinointense-page.com;28/03/2024
CASINOINTENSE;www.casinointense-page.com;28/03/2024
JOKABET;jokabet.com;03/04/2024
JOKABET;www.jokabet.com;03/04/2024
JOKABET;jokabet777.com;03/04/2024
JOKABET;jokabets.com;03/04/2024
JOKABET;jokabetgo.com;03/04/2024
JOKABET;www.jokabetgo.com;03/04/2024
LEONBET;leon54.bet;03/04/2024
LEONBET;www.leon54.bet;03/04/2024
LEONBET;leon55.bet;03/04/2024
LEONBET;www.leon55.bet;03/04/2024
LEONBET;leon56.bet;03/04/2024
LEONBET;www.leon56.bet;03/04/2024
LEONBET;leon57.bet;03/04/2024
LEONBET;www.leon57.bet;03/04/2024
LEONBET;leon58.bet;03/04/2024
LEONBET;www.leon58.bet;03/04/2024
LEONBET;leon60.bet;03/04/2024
LEONBET;www.leon60.bet;03/04/2024
LEONBET;leon61.bet;03/04/2024
LEONBET;www.leon61.bet;03/04/2024
LEONBET;leon62.bet;03/04/2024
LEONBET;www.leon62.bet;03/04/2024
LEONBET;leon55.casino;03/04/2024
LEONBET;www.leon55.casino;03/04/2024
LEONBET;leon57.casino;03/04/2024
LEONBET;www.leon57.casino;03/04/2024
LEONBET;leon58.casino;03/04/2024
LEONBET;www.leon58.casino;03/04/2024
LEONBET;leon62.casino;03/04/2024
LEONBET;www.leon62.casino;03/04/2024
LEONBET;leonbet.fr;03/04/2024
LEONBET;www.leonbet.fr;03/04/2024
JUPICASINO;jupicasino1.com;11/04/2024
JUPICASINO;www.jupicasino1.com;11/04/2024
LUCKYTREASURE;luckytreasureone.com;11/04/2024
LUCKYTREASURE;www.luckytreasureone.com;11/04/2024
LUCKYTREASURE;justluckytreasure.com;11/04/2024
LUCKYTREASURE;www.justluckytreasure.com;11/04/2024
LUCKYTREASURE;luckytreasurevip.com;11/04/2024
LUCKYTREASURE;www.luckytreasurevip.com;11/04/2024
B7CASINO;b7casino.com;09/04/2024
B7CASINO;b7casino1.com;09/04/2024
B7CASINO;b7casino777.com;09/04/2024
B7CASINO;b7casino7.com;09/04/2024
B7CASINO;b7casino.io;09/04/2024
MCASINO;mcasinofr.com;23/04/2024
MCASINO;www.mcasinofr.com;23/04/2024
MCASINO;en.mcasinofr.com;23/04/2024
CASINO NAPOLEON;casino-napoleon.fr;23/04/2024
CASINO NAPOLEON;www.casino-napoleon.fr;23/04/2024
BETS.IO;bets2.io;23/04/2024
BETS.IO;www.bets2.io;23/04/2024
BETS.IO;bets3.io;23/04/2024
BETS.IO;www.bets3.io;23/04/2024
BETS.IO;bets4.io;23/04/2024
BETS.IO;www.bets4.io;23/04/2024
BETS.IO;bets5.io;23/04/2024
BETS.IO;www.bets5.io;23/04/2024
BETS.IO;bets6.io;23/04/2024
BETS.IO;www.bets6.io;23/04/2024
BETS.IO;bets7.io;23/04/2024
BETS.IO;www.bets7.io;23/04/2024
BETS.IO;bets8.io;23/04/2024
BETS.IO;www.bets8.io;23/04/2024
BETS.IO;bets9.io;23/04/2024
BETS.IO;www.bets9.io;23/04/2024
BETS.IO;bets11.io;23/04/2024
BETS.IO;www.bets11.io;23/04/2024
NINBET;ninbet.com;23/04/2024
NINBET;www.ninbet.com;23/04/2024
TROPICACASINO;tropicacasino.com;30/04/2024
TROPICACASINO;www.tropicacasino.com;30/04/2024
TROPICACASINO;tropicacasino.co;30/04/2024
TROPICACASINO;www.tropicacasino.co;30/04/2024
TROPICACASINO;tropicavipcasino.com;30/04/2024
TROPICACASINO;www.tropicavipcasino.com;30/04/2024
LADYLINDACASINO;ladylindacasino.com;30/04/2024
LADYLINDACASINO;www.ladylindacasino.com;30/04/2024
LADYLINDACASINO;ladylindacasino.co;30/04/2024
LADYLINDACASINO;www.ladylindacasino.co;30/04/2024
CASINO D'EVIAN;casino-d-evian.play-search.com;30/04/2024
CASINO PARTOUCHE;grand-casino-de-forges.install-play.com;30/04/2024
BLACKMAGICCASINO;blackmagiccasino.com;30/04/2024
BLACKMAGICCASINO;www.blackmagiccasino.com;30/04/2024
BLACKMAGICCASINO;blackmagiccasino.co;30/04/2024
BLACKMAGICCASINO;www.blackmagiccasino.co;30/04/2024
CASINO BARRIERE;fungydzone.fun;30/04/2024
CASINO BARRIERE;dajgaiety.fun;30/04/2024
CASINO BARRIERE;betbio.click;30/04/2024
CASINO BARRIERE;gloryqip.store;30/04/2024
CASINO BARRIERE;reach-fly.space;30/04/2024
CASINO BARRIERE;silversky.pro;30/04/2024
COSMOBET;cosmobet.com;30/04/2024
COSMOBET;www.cosmobet.com;30/04/2024
CRYPTOLEO;cryptoleo1.com;30/04/2024
CRYPTOLEO;cryptoleo2.com;30/04/2024
CRYPTOLEO;cryptoleo3.com;30/04/2024
CRYPTOLEO;cryptoleo4.com;30/04/2024
CRYPTOLEO;cryptoleo5.com;30/04/2024
CRYPTOLEO;cryptoleo6.com;30/04/2024
CRYPTOLEO;cryptoleo7.com;30/04/2024
CRYPTOLEO;cryptoleo11.com;30/04/2024
CRYPTOLEO;cryptoleo777.com;30/04/2024
CRYPTOLEO;cryptoleo.org;30/04/2024
CRYPTOLEO;www.cryptoleo.org;30/04/2024
TOPCASINOFR;topcasinosfr.com;30/04/2024
TOPCASINOFR;www.topcasinosfr.com;30/04/2024
CASINOZER;cazino-zer.fr;30/04/2024
CASINOZER;www.cazino-zer.fr;30/04/2024
CASINOZER;casinoser.fr;30/04/2024
CASINOZER;www.casinoser.fr;30/04/2024
LEONBET;leon65.casino;30/04/2024
LEONBET;www.leon65.casino;30/04/2024
LEONBET;leon-bet-casino-france.club;30/04/2024
LEONBET;www.leon-bet-casino-france.club;30/04/2024
